timeOpen;timeClose;timeHigh;timeLow;name;open;high;low;close;volume;marketCap;timestamp
"2022-06-14T00:00:00.000Z";"2022-06-14T23:59:59.999Z";"2022-06-14T07:53:00.000Z";"2022-06-14T02:07:00.000Z";"2781";1.1520317814;1.2175209623;1.0287209009;1.1484106;132075541.1;1148410600.04;"2022-06-14T23:59:59.999Z"
"2022-06-13T00:00:00.000Z";"2022-06-13T23:59:59.999Z";"2022-06-13T20:43:00.000Z";"2022-06-13T11:28:00.000Z";"2781";1.0911030479;1.2240597159;0.9633198135;1.1529820022;163388196.71;1152982002.2;"2022-06-13T23:59:59.999Z"
"2022-06-12T00:00:00.000Z";"2022-06-12T23:59:59.999Z";"2022-06-12T00:59:00.000Z";"2022-06-12T05:37:00.000Z";"2781";1.2121828245;1.2497045799;1.0841258979;1.0923224843;111026251.06;1092322484.27;"2022-06-12T23:59:59.999Z"
"2022-06-11T00:00:00.000Z";"2022-06-11T23:59:59.999Z";"2022-06-11T03:34:00.000Z";"2022-06-11T16:37:00.000Z";"2781";1.3074928909;1.4166593594;1.1892880136;1.2123091899;141650738.93;1212309189.9;"2022-06-11T23:59:59.999Z"
"2022-06-10T00:00:00.000Z";"2022-06-10T23:59:59.999Z";"2022-06-10T03:07:00.000Z";"2022-06-10T19:09:00.000Z";"2781";1.4232515997;1.4769047846;1.2966085941;1.3077883362;144900553.77;1307788336.25;"2022-06-10T23:59:59.999Z"
"2022-06-09T00:00:00.000Z";"2022-06-09T23:59:59.999Z";"2022-06-09T18:04:00.000Z";"2022-06-09T00:35:00.000Z";"2781";1.3273396209;1.4628793866;1.3081010098;1.4245443618;178731849.33;1424544361.82;"2022-06-09T23:59:59.999Z"
"2022-06-08T00:00:00.000Z";"2022-06-08T23:59:59.999Z";"2022-06-08T10:31:00.000Z";"2022-06-08T03:46:00.000Z";"2781";1.244392607;1.3999408532;1.2275217829;1.3275338513;159586773.99;1327533851.29;"2022-06-08T23:59:59.999Z"
"2022-06-07T00:00:00.000Z";"2022-06-07T23:59:59.999Z";"2022-06-07T00:01:00.000Z";"2022-06-07T01:56:00.000Z";"2781";1.3061518106;1.3084070856;1.1892368122;1.2445790948;76921178.85;1244579094.8;"2022-06-07T23:59:59.999Z"
"2022-06-06T00:00:00.000Z";"2022-06-06T23:59:59.999Z";"2022-06-06T09:47:00.000Z";"2022-06-06T00:04:00.000Z";"2781";1.2097804275;1.3796768252;1.2093681263;1.3053729969;146120684.57;1305372996.92;"2022-06-06T23:59:59.999Z"
"2022-06-05T00:00:00.000Z";"2022-06-05T23:59:59.999Z";"2022-06-05T20:14:00.000Z";"2022-06-05T02:10:00.000Z";"2781";1.1950641219;1.2280662696;1.1730544649;1.2093312878;48682492.22;1209331287.79;"2022-06-05T23:59:59.999Z"
"2022-06-04T00:00:00.000Z";"2022-06-04T23:59:59.999Z";"2022-06-04T09:18:00.000Z";"2022-06-04T13:01:00.000Z";"2781";1.1951876409;1.2151948657;1.1637921903;1.1946302195;50616592.69;1194630219.47;"2022-06-04T23:59:59.999Z"
"2022-06-03T00:00:00.000Z";"2022-06-03T23:59:59.999Z";"2022-06-03T02:37:00.000Z";"2022-06-03T11:13:00.000Z";"2781";1.2434594303;1.24543115;1.1624884163;1.1945583151;51886119.31;1194558315.07;"2022-06-03T23:59:59.999Z"
"2022-06-02T00:00:00.000Z";"2022-06-02T23:59:59.999Z";"2022-06-02T23:40:00.000Z";"2022-06-02T03:58:00.000Z";"2781";1.1997247839;1.2505515437;1.1761749842;1.2432204506;70639362.48;1243220450.58;"2022-06-02T23:59:59.999Z"
"2022-06-01T00:00:00.000Z";"2022-06-01T23:59:59.999Z";"2022-06-01T04:04:00.000Z";"2022-06-01T20:34:00.000Z";"2781";1.341176903;1.3901857577;1.1738423868;1.200098936;120907561.3;1200098936.01;"2022-06-01T23:59:59.999Z"
"2022-05-31T00:00:00.000Z";"2022-05-31T23:59:59.999Z";"2022-05-31T11:47:00.000Z";"2022-05-31T13:43:00.000Z";"2781";1.3291015514;1.3858383548;1.2850271732;1.341031164;101829635.92;1341031163.98;"2022-05-31T23:59:59.999Z"
"2022-05-30T00:00:00.000Z";"2022-05-30T23:59:59.999Z";"2022-05-30T23:31:00.000Z";"2022-05-30T01:01:00.000Z";"2781";1.1710402306;1.3388871751;1.1517947192;1.3290684252;83765826.9;1329068425.21;"2022-05-30T23:59:59.999Z"
"2022-05-29T00:00:00.000Z";"2022-05-29T23:59:59.999Z";"2022-05-29T23:16:00.000Z";"2022-05-29T02:28:00.000Z";"2781";1.1319643819;1.1781987838;1.0847421107;1.1711679539;51571786.65;1171167953.92;"2022-05-29T23:59:59.999Z"
"2022-05-28T00:00:00.000Z";"2022-05-28T23:59:59.999Z";"2022-05-28T23:47:00.000Z";"2022-05-28T02:46:00.000Z";"2781";1.1148681531;1.1403113406;1.0787277496;1.1321468529;57814195.59;1132146852.92;"2022-05-28T23:59:59.999Z"
"2022-05-27T00:00:00.000Z";"2022-05-27T23:59:59.999Z";"2022-05-27T00:32:00.000Z";"2022-05-27T18:46:00.000Z";"2781";1.1358337891;1.1503568247;1.0683962846;1.0953636144;81159782.65;1095363614.41;"2022-05-27T23:59:59.999Z"
"2022-05-26T00:00:00.000Z";"2022-05-26T23:59:59.999Z";"2022-05-26T00:37:00.000Z";"2022-05-26T13:22:00.000Z";"2781";1.2322246757;1.2637799078;1.0802834074;1.1364774667;94540440.82;1136477466.69;"2022-05-26T23:59:59.999Z"
"2022-05-25T00:00:00.000Z";"2022-05-25T23:59:59.999Z";"2022-05-25T02:58:00.000Z";"2022-05-25T11:40:00.000Z";"2781";1.2719879941;1.2913080706;1.2104903834;1.2317434212;71203694.83;1231743421.22;"2022-05-25T23:59:59.999Z"
"2022-05-24T00:00:00.000Z";"2022-05-24T23:59:59.999Z";"2022-05-24T23:19:00.000Z";"2022-05-24T14:13:00.000Z";"2781";1.2270340959;1.2738077149;1.18250981;1.2718213365;74278858.85;1271821336.49;"2022-05-24T23:59:59.999Z"
"2022-05-23T00:00:00.000Z";"2022-05-23T23:59:59.999Z";"2022-05-23T16:26:00.000Z";"2022-05-23T23:20:00.000Z";"2781";1.312900427;1.3604545352;1.2220144682;1.2270946159;91294213.02;1227094615.89;"2022-05-23T23:59:59.999Z"
"2022-05-22T00:00:00.000Z";"2022-05-22T23:59:59.999Z";"2022-05-22T12:59:00.000Z";"2022-05-22T05:02:00.000Z";"2781";1.248270022;1.3277814947;1.2285919891;1.3134187153;85233880.94;1313418715.29;"2022-05-22T23:59:59.999Z"
"2022-05-21T00:00:00.000Z";"2022-05-21T23:59:59.999Z";"2022-05-21T16:15:00.000Z";"2022-05-21T01:31:00.000Z";"2781";1.2228669088;1.2619808164;1.1883767206;1.2482984314;64073495.82;1248298431.4;"2022-05-21T23:59:59.999Z"
"2022-05-20T00:00:00.000Z";"2022-05-20T23:59:59.999Z";"2022-05-20T01:40:00.000Z";"2022-05-20T17:10:00.000Z";"2781";1.2822089053;1.3221553568;1.1876602501;1.2223737158;85487434.25;1222373715.84;"2022-05-20T23:59:59.999Z"
"2022-05-19T00:00:00.000Z";"2022-05-19T23:59:59.999Z";"2022-05-19T15:37:00.000Z";"2022-05-19T02:16:00.000Z";"2781";1.2149130966;1.3115960039;1.1602896686;1.2818996164;83123232.37;1281899616.42;"2022-05-19T23:59:59.999Z"
"2022-05-18T00:00:00.000Z";"2022-05-18T23:59:59.999Z";"2022-05-18T00:23:00.000Z";"2022-05-18T23:32:00.000Z";"2781";1.3916892763;1.4220431158;1.2102836595;1.2151136595;93563622.6;1215113659.52;"2022-05-18T23:59:59.999Z"
"2022-05-17T00:00:00.000Z";"2022-05-17T23:59:59.999Z";"2022-05-17T13:46:00.000Z";"2022-05-17T18:49:00.000Z";"2781";1.3374211643;1.4237571508;1.3009295092;1.3919288293;95368961.93;1391928829.27;"2022-05-17T23:59:59.999Z"
"2022-05-16T00:00:00.000Z";"2022-05-16T23:59:59.999Z";"2022-05-16T00:00:00.000Z";"2022-05-16T15:45:00.000Z";"2781";1.4747351512;1.4747351512;1.3114342333;1.3359808475;99452721.68;1335980847.54;"2022-05-16T23:59:59.999Z"
"2022-05-15T00:00:00.000Z";"2022-05-15T23:59:59.999Z";"2022-05-15T23:58:00.000Z";"2022-05-15T18:58:00.000Z";"2781";1.4352065049;1.4762796021;1.3550852274;1.4750193203;106617333.78;1475019320.31;"2022-05-15T23:59:59.999Z"
"2022-05-14T00:00:00.000Z";"2022-05-14T23:59:59.999Z";"2022-05-14T01:52:00.000Z";"2022-05-14T16:13:00.000Z";"2781";1.4036356682;1.5060057985;1.3037872999;1.4351207251;138598614.53;1435120725.09;"2022-05-14T23:59:59.999Z"
"2022-05-13T00:00:00.000Z";"2022-05-13T23:59:59.999Z";"2022-05-13T14:58:00.000Z";"2022-05-13T00:21:00.000Z";"2781";1.213406948;1.5223733928;1.2029616091;1.403437462;177282199.11;1403437461.98;"2022-05-13T23:59:59.999Z"
"2022-05-12T00:00:00.000Z";"2022-05-12T23:59:59.999Z";"2022-05-12T00:46:00.000Z";"2022-05-12T07:19:00.000Z";"2781";1.3184558966;1.4051879719;1.0325193375;1.2135430694;244352666.59;1213543069.37;"2022-05-12T23:59:59.999Z"
"2022-05-11T00:00:00.000Z";"2022-05-11T23:59:59.999Z";"2022-05-11T00:31:00.000Z";"2022-05-11T20:58:00.000Z";"2781";1.7840390972;1.8468170804;1.2505535828;1.3181063012;333585018.24;1318106301.21;"2022-05-11T23:59:59.999Z"
"2022-05-10T00:00:00.000Z";"2022-05-10T23:59:59.999Z";"2022-05-10T12:44:00.000Z";"2022-05-10T00:33:00.000Z";"2781";1.7022625193;1.9393063638;1.6156073399;1.7854311558;359409724.03;1785431155.81;"2022-05-10T23:59:59.999Z"
"2022-05-09T00:00:00.000Z";"2022-05-09T23:59:59.999Z";"2022-05-09T01:22:00.000Z";"2022-05-09T23:59:00.000Z";"2781";2.0845895303;2.153556341;1.7035900922;1.7035900922;291268154.15;1703590092.23;"2022-05-09T23:59:59.999Z"
"2022-05-08T00:00:00.000Z";"2022-05-08T23:59:59.999Z";"2022-05-08T11:10:00.000Z";"2022-05-08T02:18:00.000Z";"2781";2.1098334037;2.1559119346;2.0488635933;2.0838250388;159399476.28;2083825038.84;"2022-05-08T23:59:59.999Z"
"2022-05-07T00:00:00.000Z";"2022-05-07T23:59:59.999Z";"2022-05-07T00:03:00.000Z";"2022-05-07T22:55:00.000Z";"2781";2.22558941;2.2277106714;2.0642934122;2.1096252703;170060552.48;2109625270.27;"2022-05-07T23:59:59.999Z"
"2022-05-06T00:00:00.000Z";"2022-05-06T23:59:59.999Z";"2022-05-06T00:00:00.000Z";"2022-05-06T11:29:00.000Z";"2781";2.2974516073;2.2974516073;2.166973274;2.2254694787;210842480.14;2225469478.74;"2022-05-06T23:59:59.999Z"
"2022-05-05T00:00:00.000Z";"2022-05-05T23:59:59.999Z";"2022-05-05T02:45:00.000Z";"2022-05-05T19:19:00.000Z";"2781";2.5965496552;2.6347119287;2.2216609178;2.2982201849;251235183;2298220184.9;"2022-05-05T23:59:59.999Z"
"2022-05-04T00:00:00.000Z";"2022-05-04T23:59:59.999Z";"2022-05-04T20:34:00.000Z";"2022-05-04T05:31:00.000Z";"2781";2.3063489735;2.6057794344;2.2935997501;2.5963052065;219211287.9;2596305206.46;"2022-05-04T23:59:59.999Z"
"2022-05-03T00:00:00.000Z";"2022-05-03T23:59:59.999Z";"2022-05-03T09:40:00.000Z";"2022-05-03T20:46:00.000Z";"2781";2.3100117028;2.4218306653;2.2374684989;2.3055653055;147219075.83;2305565305.49;"2022-05-03T23:59:59.999Z"
"2022-05-02T00:00:00.000Z";"2022-05-02T23:59:59.999Z";"2022-05-02T06:10:00.000Z";"2022-05-02T18:20:00.000Z";"2781";2.3535686048;2.3798780522;2.2513384939;2.3102572645;185791604.23;2310257264.54;"2022-05-02T23:59:59.999Z"
"2022-05-01T00:00:00.000Z";"2022-05-01T23:59:59.999Z";"2022-05-01T17:13:00.000Z";"2022-05-01T01:38:00.000Z";"2781";2.2141914356;2.3734362495;2.1809249277;2.3551952783;205767794.29;2355195278.27;"2022-05-01T23:59:59.999Z"
"2022-04-30T00:00:00.000Z";"2022-04-30T23:59:59.999Z";"2022-04-30T06:34:00.000Z";"2022-04-30T23:13:00.000Z";"2781";2.5527673027;2.5930335165;2.1584473799;2.2138370971;164500015.63;2213837097.13;"2022-04-30T23:59:59.999Z"
"2022-04-29T00:00:00.000Z";"2022-04-29T23:59:59.999Z";"2022-04-29T00:19:00.000Z";"2022-04-29T19:56:00.000Z";"2781";2.7697163836;2.7882231479;2.4914365127;2.5526042788;168887192.8;2552604278.77;"2022-04-29T23:59:59.999Z"
"2022-04-28T00:00:00.000Z";"2022-04-28T23:59:59.999Z";"2022-04-28T09:13:00.000Z";"2022-04-28T14:05:00.000Z";"2781";2.819172602;2.8562612327;2.7070132684;2.7696482792;141454685.92;2769648279.23;"2022-04-28T23:59:59.999Z"
"2022-04-27T00:00:00.000Z";"2022-04-27T23:59:59.999Z";"2022-04-27T08:22:00.000Z";"2022-04-27T00:49:00.000Z";"2781";2.7285181748;2.8408795334;2.712562373;2.8185585077;162085593.12;2818558507.68;"2022-04-27T23:59:59.999Z"
"2022-04-26T00:00:00.000Z";"2022-04-26T23:59:59.999Z";"2022-04-26T06:16:00.000Z";"2022-04-26T23:22:00.000Z";"2781";3.0284415828;3.1142379232;2.6841949368;2.727867893;240810139.67;2727867893;"2022-04-26T23:59:59.999Z"
"2022-04-25T00:00:00.000Z";"2022-04-25T23:59:59.999Z";"2022-04-25T23:51:00.000Z";"2022-04-25T09:25:00.000Z";"2781";2.9962990918;3.0285982277;2.7767547869;3.0284827684;204453409.65;3028482768.39;"2022-04-25T23:59:59.999Z"
"2022-04-24T00:00:00.000Z";"2022-04-24T23:59:59.999Z";"2022-04-24T00:46:00.000Z";"2022-04-24T17:26:00.000Z";"2781";3.1068004756;3.1945339833;2.9646521654;2.9961673046;166612253.91;2996167304.62;"2022-04-24T23:59:59.999Z"
"2022-04-23T00:00:00.000Z";"2022-04-23T23:59:59.999Z";"2022-04-23T23:20:00.000Z";"2022-04-23T04:34:00.000Z";"2781";3.132691292;3.1656782519;3.0416910599;3.1083193103;147965682.84;3108319310.3;"2022-04-23T23:59:59.999Z"
"2022-04-22T00:00:00.000Z";"2022-04-22T23:59:59.999Z";"2022-04-22T08:07:00.000Z";"2022-04-22T16:07:00.000Z";"2781";3.2613047412;3.4890801373;3.1288255343;3.1326032509;370216628.03;3132603250.87;"2022-04-22T23:59:59.999Z"
"2022-04-21T00:00:00.000Z";"2022-04-21T23:59:59.999Z";"2022-04-21T11:42:00.000Z";"2022-04-21T00:02:00.000Z";"2781";3.0951152139;3.5219553017;3.0939645234;3.2626751585;663877520.93;3262675158.46;"2022-04-21T23:59:59.999Z"
"2022-04-20T00:00:00.000Z";"2022-04-20T23:59:59.999Z";"2022-04-20T11:46:00.000Z";"2022-04-20T18:59:00.000Z";"2781";3.1514865316;3.2090808006;3.0221965804;3.0957436957;176337124.14;3095743695.66;"2022-04-20T23:59:59.999Z"
"2022-04-19T00:00:00.000Z";"2022-04-19T23:59:59.999Z";"2022-04-19T16:23:00.000Z";"2022-04-19T03:56:00.000Z";"2781";3.0446336112;3.1726388355;2.999349945;3.1515946065;181842295.07;3151594606.54;"2022-04-19T23:59:59.999Z"
"2022-04-18T00:00:00.000Z";"2022-04-18T23:59:59.999Z";"2022-04-18T23:57:00.000Z";"2022-04-18T05:07:00.000Z";"2781";2.8759033327;3.0485751249;2.7672560107;3.0451989046;201774240.95;3045198904.59;"2022-04-18T23:59:59.999Z"
"2022-04-17T00:00:00.000Z";"2022-04-17T23:59:59.999Z";"2022-04-17T16:28:00.000Z";"2022-04-17T23:49:00.000Z";"2781";3.0496939706;3.0910236636;2.8606324947;2.8760810038;106069412.81;2876081003.82;"2022-04-17T23:59:59.999Z"
"2022-04-16T00:00:00.000Z";"2022-04-16T23:59:59.999Z";"2022-04-16T02:01:00.000Z";"2022-04-16T15:58:00.000Z";"2781";3.0518571583;3.0743605391;2.9649191926;3.0500178129;81783812.37;3050017812.87;"2022-04-16T23:59:59.999Z"
"2022-04-15T00:00:00.000Z";"2022-04-15T23:59:59.999Z";"2022-04-15T04:26:00.000Z";"2022-04-15T14:31:00.000Z";"2781";3.0320935085;3.0824493833;2.9893065887;3.0520404052;115380894.09;3052040405.21;"2022-04-15T23:59:59.999Z"
"2022-04-14T00:00:00.000Z";"2022-04-14T23:59:59.999Z";"2022-04-14T08:16:00.000Z";"2022-04-14T19:03:00.000Z";"2781";3.1667103234;3.2129867902;2.9822333642;3.0319908617;160381884.99;3031990861.73;"2022-04-14T23:59:59.999Z"
"2022-04-13T00:00:00.000Z";"2022-04-13T23:59:59.999Z";"2022-04-13T23:02:00.000Z";"2022-04-13T13:04:00.000Z";"2781";3.0856751742;3.1961719291;2.9924715347;3.1671504681;141011434.79;3167150468.06;"2022-04-13T23:59:59.999Z"
"2022-04-12T00:00:00.000Z";"2022-04-12T23:59:59.999Z";"2022-04-12T13:04:00.000Z";"2022-04-12T19:59:00.000Z";"2781";3.0004218416;3.1756677342;2.9594883221;3.0857808469;177050469.17;3085780846.92;"2022-04-12T23:59:59.999Z"
"2022-04-11T00:00:00.000Z";"2022-04-11T23:59:59.999Z";"2022-04-11T00:00:00.000Z";"2022-04-11T22:14:00.000Z";"2781";3.3436365922;3.3436365922;2.9605379742;2.9986334633;202786313.86;2998633463.29;"2022-04-11T23:59:59.999Z"
"2022-04-10T00:00:00.000Z";"2022-04-10T23:59:59.999Z";"2022-04-10T18:35:00.000Z";"2022-04-10T23:05:00.000Z";"2781";3.455299775;3.5609022113;3.3442484092;3.3511699843;135239368.69;3351169984.29;"2022-04-10T23:59:59.999Z"
"2022-04-09T00:00:00.000Z";"2022-04-09T23:59:59.999Z";"2022-04-09T01:19:00.000Z";"2022-04-09T00:00:00.000Z";"2781";3.3256325031;3.4905748178;3.3256325031;3.4548500239;133473842.71;3454850023.87;"2022-04-09T23:59:59.999Z"
"2022-04-08T00:00:00.000Z";"2022-04-08T23:59:59.999Z";"2022-04-08T15:22:00.000Z";"2022-04-08T23:45:00.000Z";"2781";3.4920009895;3.5851002361;3.3068648476;3.3253640927;186477549.47;3325364092.73;"2022-04-08T23:59:59.999Z"
"2022-04-07T00:00:00.000Z";"2022-04-07T23:59:59.999Z";"2022-04-07T12:13:00.000Z";"2022-04-07T00:58:00.000Z";"2781";3.2925918615;3.5244837829;3.2712862606;3.4912960275;192058891.05;3491296027.51;"2022-04-07T23:59:59.999Z"
"2022-04-06T00:00:00.000Z";"2022-04-06T23:59:59.999Z";"2022-04-06T07:22:00.000Z";"2022-04-06T23:58:00.000Z";"2781";3.6889630197;3.7393074642;3.2896827127;3.2924227105;322011217.78;3292422710.49;"2022-04-06T23:59:59.999Z"
"2022-04-05T00:00:00.000Z";"2022-04-05T23:59:59.999Z";"2022-04-05T12:34:00.000Z";"2022-04-05T23:53:00.000Z";"2781";3.8444472005;3.9658945384;3.6844716948;3.6894375438;252897591.01;3689437543.84;"2022-04-05T23:59:59.999Z"
"2022-04-04T00:00:00.000Z";"2022-04-04T23:59:59.999Z";"2022-04-04T00:00:00.000Z";"2022-04-04T17:46:00.000Z";"2781";4.0463709643;4.0463709643;3.6669991285;3.8434696765;301563417.05;3843469676.52;"2022-04-04T23:59:59.999Z"
"2022-04-03T00:00:00.000Z";"2022-04-03T23:59:59.999Z";"2022-04-03T08:01:00.000Z";"2022-04-03T01:40:00.000Z";"2781";4.065892576;4.1282243144;3.9626956296;4.0481789677;227561841.93;4048178967.72;"2022-04-03T23:59:59.999Z"
"2022-04-02T00:00:00.000Z";"2022-04-02T23:59:59.999Z";"2022-04-02T07:01:00.000Z";"2022-04-02T18:13:00.000Z";"2781";4.0858728624;4.350195238;4.0254762741;4.0670543681;352314751.67;4067054368.06;"2022-04-02T23:59:59.999Z"
"2022-04-01T00:00:00.000Z";"2022-04-01T23:59:59.999Z";"2022-04-01T00:54:00.000Z";"2022-04-01T12:28:00.000Z";"2781";4.1689098415;4.3777798055;3.9211774778;4.0827297488;594650847.67;4082729748.8;"2022-04-01T23:59:59.999Z"
"2022-03-31T00:00:00.000Z";"2022-03-31T23:59:59.999Z";"2022-03-31T10:31:00.000Z";"2022-03-31T00:04:00.000Z";"2781";3.918531778;4.3704386997;3.8986472971;4.1676117664;680526075.1;4167611766.38;"2022-03-31T23:59:59.999Z"
"2022-03-30T00:00:00.000Z";"2022-03-30T23:59:59.999Z";"2022-03-30T12:05:00.000Z";"2022-03-30T01:45:00.000Z";"2781";3.9010939015;4.118718135;3.7531535974;3.9186058119;419953734.09;3918605811.9;"2022-03-30T23:59:59.999Z"
"2022-03-29T00:00:00.000Z";"2022-03-29T23:59:59.999Z";"2022-03-29T12:34:00.000Z";"2022-03-29T00:00:00.000Z";"2781";3.6124092012;4.0824537092;3.6124092012;3.9028161079;547859505.22;3902816107.89;"2022-03-29T23:59:59.999Z"
"2022-03-28T00:00:00.000Z";"2022-03-28T23:59:59.999Z";"2022-03-28T11:10:00.000Z";"2022-03-28T00:10:00.000Z";"2781";3.5744945574;3.9058998616;3.5513107254;3.6157083184;419328771.96;3615708318.37;"2022-03-28T23:59:59.999Z"
"2022-03-27T00:00:00.000Z";"2022-03-27T23:59:59.999Z";"2022-03-27T21:37:00.000Z";"2022-03-27T00:00:00.000Z";"2781";3.2965770005;3.6224584234;3.2965770005;3.5733161461;325744978.67;3573316146.09;"2022-03-27T23:59:59.999Z"
"2022-03-26T00:00:00.000Z";"2022-03-26T23:59:59.999Z";"2022-03-26T23:48:00.000Z";"2022-03-26T02:58:00.000Z";"2781";3.1714364423;3.2988092213;3.1552126961;3.2958646932;96715574.53;3295864693.16;"2022-03-26T23:59:59.999Z"
"2022-03-25T00:00:00.000Z";"2022-03-25T23:59:59.999Z";"2022-03-25T13:33:00.000Z";"2022-03-25T17:13:00.000Z";"2781";3.2881392826;3.306911866;3.1151795832;3.1707068289;169841754.6;3170706828.9;"2022-03-25T23:59:59.999Z"
"2022-03-24T00:00:00.000Z";"2022-03-24T23:59:59.999Z";"2022-03-24T16:53:00.000Z";"2022-03-24T04:00:00.000Z";"2781";3.1962298878;3.3384170937;3.131713186;3.2877233342;267614680.59;3287723334.16;"2022-03-24T23:59:59.999Z"
"2022-03-23T00:00:00.000Z";"2022-03-23T23:59:59.999Z";"2022-03-23T16:23:00.000Z";"2022-03-23T04:32:00.000Z";"2781";3.0719629733;3.2060138597;3.0439216473;3.1962454947;206346498.16;3196245494.72;"2022-03-23T23:59:59.999Z"
"2022-03-22T00:00:00.000Z";"2022-03-22T23:59:59.999Z";"2022-03-22T14:36:00.000Z";"2022-03-22T01:47:00.000Z";"2781";2.9342145256;3.1784059497;2.9064577416;3.0722363005;219480788.11;3072236300.54;"2022-03-22T23:59:59.999Z"
"2022-03-21T00:00:00.000Z";"2022-03-21T23:59:59.999Z";"2022-03-21T08:16:00.000Z";"2022-03-21T02:41:00.000Z";"2781";2.8776961129;2.951162082;2.8262955892;2.9345238561;139310834.4;2934523856.13;"2022-03-21T23:59:59.999Z"
"2022-03-20T00:00:00.000Z";"2022-03-20T23:59:59.999Z";"2022-03-20T07:34:00.000Z";"2022-03-20T17:56:00.000Z";"2781";2.9820978435;3.0565494435;2.828757077;2.8776452436;158031945.16;2877645243.64;"2022-03-20T23:59:59.999Z"
"2022-03-19T00:00:00.000Z";"2022-03-19T23:59:59.999Z";"2022-03-19T16:46:00.000Z";"2022-03-19T02:15:00.000Z";"2781";2.9206055704;3.0449230458;2.9149332442;2.9821035601;165278515.82;2982103560.14;"2022-03-19T23:59:59.999Z"
"2022-03-18T00:00:00.000Z";"2022-03-18T23:59:59.999Z";"2022-03-18T20:04:00.000Z";"2022-03-18T04:05:00.000Z";"2781";2.8534288927;2.9435652688;2.782529612;2.9214670841;131543559.19;2921467084.09;"2022-03-18T23:59:59.999Z"
"2022-03-17T00:00:00.000Z";"2022-03-17T23:59:59.999Z";"2022-03-17T12:52:00.000Z";"2022-03-17T07:47:00.000Z";"2781";2.9012234647;2.919914204;2.8240734237;2.8539284816;126497549.22;2853928481.6;"2022-03-17T23:59:59.999Z"
"2022-03-16T00:00:00.000Z";"2022-03-16T23:59:59.999Z";"2022-03-16T23:59:00.000Z";"2022-03-16T05:25:00.000Z";"2781";2.7250908426;2.9022246298;2.6701480225;2.9022246298;181181419.17;2902224629.78;"2022-03-16T23:59:59.999Z"
"2022-03-15T00:00:00.000Z";"2022-03-15T23:59:59.999Z";"2022-03-15T00:04:00.000Z";"2022-03-15T09:10:00.000Z";"2781";2.7793261873;2.7831481326;2.6339258854;2.725294894;167457773.35;2725294894.04;"2022-03-15T23:59:59.999Z"
"2022-03-14T00:00:00.000Z";"2022-03-14T23:59:59.999Z";"2022-03-14T08:14:00.000Z";"2022-03-14T18:53:00.000Z";"2781";2.7053387925;2.783744172;2.6748663467;2.7795769961;169838989.77;2779576996.06;"2022-03-14T23:59:59.999Z"
"2022-03-13T00:00:00.000Z";"2022-03-13T23:59:59.999Z";"2022-03-13T03:22:00.000Z";"2022-03-13T23:48:00.000Z";"2781";2.8361753554;2.8894133447;2.6929468209;2.7060504105;106055788.73;2706050410.49;"2022-03-13T23:59:59.999Z"
"2022-03-12T00:00:00.000Z";"2022-03-12T23:59:59.999Z";"2022-03-12T16:14:00.000Z";"2022-03-12T00:02:00.000Z";"2781";2.7827358081;2.8660256437;2.7817193411;2.8362858437;94350673.97;2836285843.68;"2022-03-12T23:59:59.999Z"
"2022-03-11T00:00:00.000Z";"2022-03-11T23:59:59.999Z";"2022-03-11T08:23:00.000Z";"2022-03-11T20:55:00.000Z";"2781";2.8743348074;2.9813236897;2.7633379209;2.7822987389;183561351.62;2782298738.92;"2022-03-11T23:59:59.999Z"
"2022-03-10T00:00:00.000Z";"2022-03-10T23:59:59.999Z";"2022-03-10T00:23:00.000Z";"2022-03-10T13:52:00.000Z";"2781";3.0624248428;3.0630666079;2.815324483;2.8738179542;184319952.73;2873817954.23;"2022-03-10T23:59:59.999Z"
"2022-03-09T00:00:00.000Z";"2022-03-09T23:59:59.999Z";"2022-03-09T12:07:00.000Z";"2022-03-09T00:14:00.000Z";"2781";2.8371555022;3.1379893348;2.8311574271;3.0625715023;239052531.11;3062571502.27;"2022-03-09T23:59:59.999Z"
"2022-03-08T00:00:00.000Z";"2022-03-08T23:59:59.999Z";"2022-03-08T09:25:00.000Z";"2022-03-08T00:04:00.000Z";"2781";2.7230254468;3.0293295829;2.702454806;2.8358744998;291807284.29;2835874499.82;"2022-03-08T23:59:59.999Z"
"2022-03-07T00:00:00.000Z";"2022-03-07T23:59:59.999Z";"2022-03-07T14:10:00.000Z";"2022-03-07T20:12:00.000Z";"2781";2.7064079428;2.8386379007;2.6120721499;2.7237695386;188414474.13;2723769538.65;"2022-03-07T23:59:59.999Z"
"2022-03-06T00:00:00.000Z";"2022-03-06T23:59:59.999Z";"2022-03-06T01:11:00.000Z";"2022-03-06T23:31:00.000Z";"2781";2.8793765995;2.9107555449;2.7025521618;2.7060975687;133194002.24;2706097568.71;"2022-03-06T23:59:59.999Z"
"2022-03-05T00:00:00.000Z";"2022-03-05T23:59:59.999Z";"2022-03-05T17:19:00.000Z";"2022-03-05T01:04:00.000Z";"2781";2.8154383682;2.906350955;2.7521101465;2.8793858487;136285397.72;2879385848.73;"2022-03-05T23:59:59.999Z"
"2022-03-04T00:00:00.000Z";"2022-03-04T23:59:59.999Z";"2022-03-04T11:55:00.000Z";"2022-03-04T22:36:00.000Z";"2781";3.0651814663;3.071560509;2.7882854972;2.8141260956;229010896.04;2814126095.6;"2022-03-04T23:59:59.999Z"
"2022-03-03T00:00:00.000Z";"2022-03-03T23:59:59.999Z";"2022-03-03T00:50:00.000Z";"2022-03-03T21:07:00.000Z";"2781";3.1819820471;3.4326070163;3.0122935496;3.0617777869;327072549.87;3061777786.88;"2022-03-03T23:59:59.999Z"
"2022-03-02T00:00:00.000Z";"2022-03-02T23:59:59.999Z";"2022-03-02T04:16:00.000Z";"2022-03-02T19:34:00.000Z";"2781";3.2812801175;3.3020900486;3.1219741822;3.181592238;278355308.1;3181592238.03;"2022-03-02T23:59:59.999Z"
"2022-03-01T00:00:00.000Z";"2022-03-01T23:59:59.999Z";"2022-03-01T16:25:00.000Z";"2022-03-01T10:13:00.000Z";"2781";3.3548139878;3.4445717001;3.1977644043;3.282211247;406913313.65;3282211247.03;"2022-03-01T23:59:59.999Z"
"2022-02-28T00:00:00.000Z";"2022-02-28T23:59:59.999Z";"2022-02-28T23:55:00.000Z";"2022-02-28T06:13:00.000Z";"2781";2.753993587;3.3616088698;2.6607493203;3.3508813398;351183679.62;3350881339.81;"2022-02-28T23:59:59.999Z"
"2022-02-27T00:00:00.000Z";"2022-02-27T23:59:59.999Z";"2022-02-27T16:01:00.000Z";"2022-02-27T02:02:00.000Z";"2781";2.8343505584;2.9792024241;2.6992563855;2.7549583643;292826358.42;2754958364.3;"2022-02-27T23:59:59.999Z"
"2022-02-26T00:00:00.000Z";"2022-02-26T23:59:59.999Z";"2022-02-26T00:44:00.000Z";"2022-02-26T09:17:00.000Z";"2781";2.8214084623;2.8949688003;2.773630317;2.8342110887;199231225.05;2834211088.7;"2022-02-26T23:59:59.999Z"
"2022-02-25T00:00:00.000Z";"2022-02-25T23:59:59.999Z";"2022-02-25T21:40:00.000Z";"2022-02-25T09:31:00.000Z";"2781";2.6180763301;2.8770020559;2.5654715164;2.8203125052;345249055.77;2820312505.24;"2022-02-25T23:59:59.999Z"
"2022-02-24T00:00:00.000Z";"2022-02-24T23:59:59.999Z";"2022-02-24T20:20:00.000Z";"2022-02-24T07:37:00.000Z";"2781";2.6975467072;2.7026535787;2.2821823385;2.617972862;488035050.04;2617972862.03;"2022-02-24T23:59:59.999Z"
"2022-02-23T00:00:00.000Z";"2022-02-23T23:59:59.999Z";"2022-02-23T09:58:00.000Z";"2022-02-23T23:20:00.000Z";"2781";2.8845789374;2.9655679467;2.6869700507;2.6977202404;248995423.29;2697720240.36;"2022-02-23T23:59:59.999Z"
"2022-02-22T00:00:00.000Z";"2022-02-22T23:59:59.999Z";"2022-02-22T23:49:00.000Z";"2022-02-22T03:19:00.000Z";"2781";2.6720454613;2.9005535058;2.6116463938;2.8861003605;269274897.92;2886100360.46;"2022-02-22T23:59:59.999Z"
"2022-02-21T00:00:00.000Z";"2022-02-21T23:59:59.999Z";"2022-02-21T08:13:00.000Z";"2022-02-21T23:56:00.000Z";"2781";2.9667744452;3.1435898239;2.6577902038;2.6705904487;317252219.84;2670590448.66;"2022-02-21T23:59:59.999Z"
"2022-02-20T00:00:00.000Z";"2022-02-20T23:59:59.999Z";"2022-02-20T00:00:00.000Z";"2022-02-20T14:23:00.000Z";"2781";3.2212920174;3.2212920174;2.878626518;2.9674735199;221852307.4;2967473519.88;"2022-02-20T23:59:59.999Z"
"2022-02-19T00:00:00.000Z";"2022-02-19T23:59:59.999Z";"2022-02-19T00:29:00.000Z";"2022-02-19T13:10:00.000Z";"2781";3.3029830177;3.3594947212;3.1140267298;3.2216514135;199028018.47;3221651413.55;"2022-02-19T23:59:59.999Z"
"2022-02-18T00:00:00.000Z";"2022-02-18T23:59:59.999Z";"2022-02-18T08:58:00.000Z";"2022-02-18T23:05:00.000Z";"2781";3.4387712945;3.5634083752;3.2733845803;3.3032426251;298382102.14;3303242625.15;"2022-02-18T23:59:59.999Z"
"2022-02-17T00:00:00.000Z";"2022-02-17T23:59:59.999Z";"2022-02-17T02:55:00.000Z";"2022-02-17T21:26:00.000Z";"2781";3.905146462;3.9609447698;3.4101465356;3.4359128671;430156071.15;3435912867.07;"2022-02-17T23:59:59.999Z"
"2022-02-16T00:00:00.000Z";"2022-02-16T23:59:59.999Z";"2022-02-16T06:26:00.000Z";"2022-02-16T04:32:00.000Z";"2781";3.8545527144;4.0422168242;3.7613998694;3.9073628486;526899274.15;3907362848.57;"2022-02-16T23:59:59.999Z"
"2022-02-15T00:00:00.000Z";"2022-02-15T23:59:59.999Z";"2022-02-15T23:42:00.000Z";"2022-02-15T00:35:00.000Z";"2781";3.5760255876;3.8601020634;3.5690584393;3.8532742501;378288074.25;3853274250.13;"2022-02-15T23:59:59.999Z"
"2022-02-14T00:00:00.000Z";"2022-02-14T23:59:59.999Z";"2022-02-14T14:55:00.000Z";"2022-02-14T02:58:00.000Z";"2781";3.5911116362;3.7396552435;3.4579919389;3.577088141;393803385.58;3577088141.05;"2022-02-14T23:59:59.999Z"
"2022-02-13T00:00:00.000Z";"2022-02-13T23:59:59.999Z";"2022-02-13T00:46:00.000Z";"2022-02-13T23:46:00.000Z";"2781";3.8949978835;3.9362529238;3.5897226871;3.5952967236;314943867.74;3595296723.57;"2022-02-13T23:59:59.999Z"
"2022-02-12T00:00:00.000Z";"2022-02-12T23:59:59.999Z";"2022-02-12T02:40:00.000Z";"2022-02-12T14:43:00.000Z";"2781";3.9385108551;4.2316098166;3.7221327836;3.8961293295;675331541.3;3896129329.49;"2022-02-12T23:59:59.999Z"
"2022-02-11T00:00:00.000Z";"2022-02-11T23:59:59.999Z";"2022-02-11T00:52:00.000Z";"2022-02-11T22:56:00.000Z";"2781";4.0893742794;4.3336888018;3.8590982272;3.9354949623;1026557587.99;3935494962.3;"2022-02-11T23:59:59.999Z"
"2022-02-10T00:00:00.000Z";"2022-02-10T23:59:59.999Z";"2022-02-10T17:25:00.000Z";"2022-02-10T06:19:00.000Z";"2781";3.4335753026;4.1134327991;3.3339754051;4.0879817022;981084803.42;4087981702.19;"2022-02-10T23:59:59.999Z"
"2022-02-09T00:00:00.000Z";"2022-02-09T23:59:59.999Z";"2022-02-09T21:15:00.000Z";"2022-02-09T05:22:00.000Z";"2781";3.4544507535;3.477372371;3.2667212825;3.4333941694;192854668.23;3433394169.37;"2022-02-09T23:59:59.999Z"
"2022-02-08T00:00:00.000Z";"2022-02-08T23:59:59.999Z";"2022-02-08T00:04:00.000Z";"2022-02-08T19:31:00.000Z";"2781";3.5944927528;3.5982508355;3.240060711;3.4559284128;306036365.86;3455928412.82;"2022-02-08T23:59:59.999Z"
"2022-02-07T00:00:00.000Z";"2022-02-07T23:59:59.999Z";"2022-02-07T20:40:00.000Z";"2022-02-07T09:46:00.000Z";"2781";3.5024117565;3.6464308053;3.4255912451;3.5931192712;320606230.48;3593119271.19;"2022-02-07T23:59:59.999Z"
"2022-02-06T00:00:00.000Z";"2022-02-06T23:59:59.999Z";"2022-02-06T08:16:00.000Z";"2022-02-06T00:00:00.000Z";"2781";3.2694714088;3.6052768442;3.2694714088;3.5017217429;404856561.01;3501721742.86;"2022-02-06T23:59:59.999Z"
"2022-02-05T00:00:00.000Z";"2022-02-05T23:59:59.999Z";"2022-02-05T12:16:00.000Z";"2022-02-05T00:07:00.000Z";"2781";3.0493440231;3.4226366912;3.042723766;3.2656768235;411247250.08;3265676823.55;"2022-02-05T23:59:59.999Z"
"2022-02-04T00:00:00.000Z";"2022-02-04T23:59:59.999Z";"2022-02-04T23:58:00.000Z";"2022-02-04T00:40:00.000Z";"2781";2.7885373367;3.0504942552;2.7760794924;3.0487332821;205822031.14;3048733282.1;"2022-02-04T23:59:59.999Z"
"2022-02-03T00:00:00.000Z";"2022-02-03T23:59:59.999Z";"2022-02-03T16:16:00.000Z";"2022-02-03T10:06:00.000Z";"2781";2.7522969523;2.8298867598;2.6994362011;2.7919646778;162394741.02;2791964677.81;"2022-02-03T23:59:59.999Z"
"2022-02-02T00:00:00.000Z";"2022-02-02T23:59:59.999Z";"2022-02-02T12:52:00.000Z";"2022-02-02T21:52:00.000Z";"2781";2.9219744008;2.9491096306;2.7376793228;2.7530706685;155606590.54;2753070668.46;"2022-02-02T23:59:59.999Z"
"2022-02-01T00:00:00.000Z";"2022-02-01T23:59:59.999Z";"2022-02-01T17:04:00.000Z";"2022-02-01T01:52:00.000Z";"2781";2.9461090951;2.9717384123;2.8777166427;2.9221067374;160511351.99;2922106737.38;"2022-02-01T23:59:59.999Z"
"2022-01-31T00:00:00.000Z";"2022-01-31T23:59:59.999Z";"2022-01-31T23:58:00.000Z";"2022-01-31T04:34:00.000Z";"2781";2.8793208717;2.9468254334;2.7139362467;2.9461441159;198679473.26;2946144115.9;"2022-01-31T23:59:59.999Z"
"2022-01-30T00:00:00.000Z";"2022-01-30T23:59:59.999Z";"2022-01-30T11:01:00.000Z";"2022-01-30T20:08:00.000Z";"2781";2.9807348187;3.1092766652;2.8228968057;2.8792622657;174656982.95;2879262265.68;"2022-01-30T23:59:59.999Z"
"2022-01-29T00:00:00.000Z";"2022-01-29T23:59:59.999Z";"2022-01-29T08:36:00.000Z";"2022-01-29T16:19:00.000Z";"2781";2.9433736592;3.0192117868;2.89650217;2.9789094291;170410509.66;2978909429.14;"2022-01-29T23:59:59.999Z"
"2022-01-28T00:00:00.000Z";"2022-01-28T23:59:59.999Z";"2022-01-28T06:59:00.000Z";"2022-01-28T12:52:00.000Z";"2781";2.90056729;2.9684650165;2.8067906694;2.943197195;233236240.36;2943197195;"2022-01-28T23:59:59.999Z"
"2022-01-27T00:00:00.000Z";"2022-01-27T23:59:59.999Z";"2022-01-27T13:58:00.000Z";"2022-01-27T00:04:00.000Z";"2781";2.8328830984;3.1270055262;2.7912400205;2.9029828347;563682060.49;2902982834.74;"2022-01-27T23:59:59.999Z"
"2022-01-26T00:00:00.000Z";"2022-01-26T23:59:59.999Z";"2022-01-26T19:10:00.000Z";"2022-01-26T00:22:00.000Z";"2781";2.6116043062;3.1027532987;2.5903758878;2.8343946785;483336851.6;2834394678.53;"2022-01-26T23:59:59.999Z"
"2022-01-25T00:00:00.000Z";"2022-01-25T23:59:59.999Z";"2022-01-25T19:02:00.000Z";"2022-01-25T07:19:00.000Z";"2781";2.5937005396;2.696204968;2.4924676653;2.6124314078;251347358.37;2612431407.83;"2022-01-25T23:59:59.999Z"
"2022-01-24T00:00:00.000Z";"2022-01-24T23:59:59.999Z";"2022-01-24T00:01:00.000Z";"2022-01-24T14:10:00.000Z";"2781";2.7832708904;2.7856710869;2.2852485629;2.5934084951;374183035.42;2593408495.06;"2022-01-24T23:59:59.999Z"
"2022-01-23T00:00:00.000Z";"2022-01-23T23:59:59.999Z";"2022-01-23T09:37:00.000Z";"2022-01-23T19:43:00.000Z";"2781";2.7620824004;2.9364920418;2.6236934015;2.7820613354;323095120.56;2782061335.38;"2022-01-23T23:59:59.999Z"
"2022-01-22T00:00:00.000Z";"2022-01-22T23:59:59.999Z";"2022-01-22T00:04:00.000Z";"2022-01-22T10:13:00.000Z";"2781";3.4014672121;3.4490690139;2.4049125574;2.7608072379;590470087.38;2760807237.88;"2022-01-22T23:59:59.999Z"
"2022-01-21T00:00:00.000Z";"2022-01-21T23:59:59.999Z";"2022-01-21T00:20:00.000Z";"2022-01-21T22:55:00.000Z";"2781";4.1013678444;4.3212508715;3.3080251194;3.3962248857;421178502.68;3396224885.74;"2022-01-21T23:59:59.999Z"
"2022-01-20T00:00:00.000Z";"2022-01-20T23:59:59.999Z";"2022-01-20T16:07:00.000Z";"2022-01-20T23:58:00.000Z";"2781";4.3321539076;4.6436833385;4.0988438589;4.1006194573;236076708.68;4100619457.29;"2022-01-20T23:59:59.999Z"
"2022-01-19T00:00:00.000Z";"2022-01-19T23:59:59.999Z";"2022-01-19T14:07:00.000Z";"2022-01-19T07:17:00.000Z";"2781";4.223995531;4.4685426222;4.1511583054;4.3317441103;500706919.06;4331744110.35;"2022-01-19T23:59:59.999Z"
"2022-01-18T00:00:00.000Z";"2022-01-18T23:59:59.999Z";"2022-01-18T22:32:00.000Z";"2022-01-18T13:31:00.000Z";"2781";3.9627197452;4.2488135884;3.849588601;4.2241235664;324885686.03;4224123566.45;"2022-01-18T23:59:59.999Z"
"2022-01-17T00:00:00.000Z";"2022-01-17T23:59:59.999Z";"2022-01-17T00:09:00.000Z";"2022-01-17T22:20:00.000Z";"2781";4.204860871;4.2195769088;3.9001316499;3.9626358265;178953778.96;3962635826.53;"2022-01-17T23:59:59.999Z"
"2022-01-16T00:00:00.000Z";"2022-01-16T23:59:59.999Z";"2022-01-16T13:40:00.000Z";"2022-01-16T03:11:00.000Z";"2781";4.0974775478;4.2932745864;4.0547412525;4.2053191744;144065777.91;4205319174.42;"2022-01-16T23:59:59.999Z"
"2022-01-15T00:00:00.000Z";"2022-01-15T23:59:59.999Z";"2022-01-15T20:10:00.000Z";"2022-01-15T12:52:00.000Z";"2781";4.1454115168;4.1561144822;4.0542752488;4.0979596023;117894575.05;4097959602.27;"2022-01-15T23:59:59.999Z"
"2022-01-14T00:00:00.000Z";"2022-01-14T23:59:59.999Z";"2022-01-14T23:56:00.000Z";"2022-01-14T11:10:00.000Z";"2781";3.9700615497;4.1481933029;3.8925918424;4.1463397712;179130634.32;4146339771.2;"2022-01-14T23:59:59.999Z"
"2022-01-13T00:00:00.000Z";"2022-01-13T23:59:59.999Z";"2022-01-13T00:31:00.000Z";"2022-01-13T23:59:00.000Z";"2781";4.274850702;4.2877307011;3.9700368835;3.9700368835;202137725.57;3970036883.5;"2022-01-13T23:59:59.999Z"
"2022-01-12T00:00:00.000Z";"2022-01-12T23:59:59.999Z";"2022-01-12T17:32:00.000Z";"2022-01-12T00:00:00.000Z";"2781";4.0939619235;4.3482343448;4.0939619235;4.2753624484;178023044.72;4275362448.4;"2022-01-12T23:59:59.999Z"
"2022-01-11T00:00:00.000Z";"2022-01-11T23:59:59.999Z";"2022-01-11T17:14:00.000Z";"2022-01-11T00:31:00.000Z";"2781";3.8468124295;4.1503589608;3.8076736043;4.0931256016;168114758.31;4093125601.62;"2022-01-11T23:59:59.999Z"
"2022-01-10T00:00:00.000Z";"2022-01-10T23:59:59.999Z";"2022-01-10T05:01:00.000Z";"2022-01-10T14:37:00.000Z";"2781";4.0371928447;4.1225354782;3.6987999898;3.8467827604;216174209.27;3846782760.38;"2022-01-10T23:59:59.999Z"
"2022-01-09T00:00:00.000Z";"2022-01-09T23:59:59.999Z";"2022-01-09T19:35:00.000Z";"2022-01-09T00:11:00.000Z";"2781";3.9851334181;4.1404508511;3.9444256469;4.0369431746;162053330.88;4036943174.64;"2022-01-09T23:59:59.999Z"
"2022-01-08T00:00:00.000Z";"2022-01-08T23:59:59.999Z";"2022-01-08T01:10:00.000Z";"2022-01-08T19:26:00.000Z";"2781";4.189932172;4.3346335252;3.8252688466;3.9853569102;236524097.1;3985356910.23;"2022-01-08T23:59:59.999Z"
"2022-01-07T00:00:00.000Z";"2022-01-07T23:59:59.999Z";"2022-01-07T00:04:00.000Z";"2022-01-07T04:37:00.000Z";"2781";4.391856118;4.3962165742;4.0469647021;4.1896197107;264833881.33;4189619710.68;"2022-01-07T23:59:59.999Z"
"2022-01-06T00:00:00.000Z";"2022-01-06T23:59:59.999Z";"2022-01-06T00:40:00.000Z";"2022-01-06T09:59:00.000Z";"2781";4.4289823817;4.4442549318;4.1769145789;4.3931182843;258814363.7;4393118284.34;"2022-01-06T23:59:59.999Z"
"2022-01-05T00:00:00.000Z";"2022-01-05T23:59:59.999Z";"2022-01-05T14:32:00.000Z";"2022-01-05T22:37:00.000Z";"2781";4.7465080359;5.2329690798;4.220721214;4.4304658797;418685963.95;4430465879.7;"2022-01-05T23:59:59.999Z"
"2022-01-04T00:00:00.000Z";"2022-01-04T23:59:59.999Z";"2022-01-04T17:22:00.000Z";"2022-01-04T05:05:00.000Z";"2781";4.7073249321;4.9396731694;4.6006732642;4.7475619323;187468378.87;4747561932.31;"2022-01-04T23:59:59.999Z"
"2022-01-03T00:00:00.000Z";"2022-01-03T23:59:59.999Z";"2022-01-03T00:01:00.000Z";"2022-01-03T20:31:00.000Z";"2781";4.8861380309;4.8870749087;4.6285853731;4.7052983628;138983216.59;4705298362.79;"2022-01-03T23:59:59.999Z"
"2022-01-02T00:00:00.000Z";"2022-01-02T23:59:59.999Z";"2022-01-02T00:00:00.000Z";"2022-01-02T04:56:00.000Z";"2781";4.9464424638;4.9464424638;4.7987541616;4.8854825207;120684887.71;4885482520.69;"2022-01-02T23:59:59.999Z"
"2022-01-01T00:00:00.000Z";"2022-01-01T23:59:59.999Z";"2022-01-01T23:59:00.000Z";"2022-01-01T00:01:00.000Z";"2781";4.7153862641;4.9464532913;4.7128640631;4.9464532913;111568120.88;4946453291.35;"2022-01-01T23:59:59.999Z"
"2021-12-31T00:00:00.000Z";"2021-12-31T23:59:59.999Z";"2021-12-31T15:27:00.000Z";"2021-12-31T21:00:00.000Z";"2781";4.8162033584;4.9388230836;4.5811178704;4.7147377957;163528392.81;4714737795.73;"2021-12-31T23:59:59.999Z"
"2021-12-30T00:00:00.000Z";"2021-12-30T23:59:59.999Z";"2021-12-30T12:43:07.000Z";"2021-12-30T04:00:06.000Z";"2781";4.9147557416;4.9882901497;4.7146779715;4.8168308391;150627022.53;4816830839.06;"2021-12-30T23:59:59.999Z"
"2021-12-29T00:00:00.000Z";"2021-12-29T23:59:59.999Z";"2021-12-29T18:32:06.000Z";"2021-12-29T13:29:06.000Z";"2781";5.0873310702;5.2668477307;4.8577499431;4.9048908903;219340771.11;4904890890.28;"2021-12-29T23:59:59.999Z"
"2021-12-28T00:00:00.000Z";"2021-12-28T23:59:59.999Z";"2021-12-28T00:00:07.000Z";"2021-12-28T19:10:06.000Z";"2781";5.4820087787;5.4820087787;4.9705781881;5.0891148411;264721007.51;5089114841.13;"2021-12-28T23:59:59.999Z"
"2021-12-27T00:00:00.000Z";"2021-12-27T23:59:59.999Z";"2021-12-27T03:55:07.000Z";"2021-12-27T00:07:07.000Z";"2781";5.4881384139;5.9404436722;5.448764639;5.46988738;368319495.56;5469887380;"2021-12-27T23:59:59.999Z"
"2021-12-26T00:00:00.000Z";"2021-12-26T23:59:59.999Z";"2021-12-26T23:48:07.000Z";"2021-12-26T04:01:07.000Z";"2781";5.0171365997;5.5249707388;4.9103228572;5.506537212;310719223.87;5506537211.96;"2021-12-26T23:59:59.999Z"
"2021-12-25T00:00:00.000Z";"2021-12-25T23:59:59.999Z";"2021-12-25T16:03:06.000Z";"2021-12-25T00:04:06.000Z";"2781";4.7147580008;5.1516313611;4.6819130094;5.014026551;245401708.45;5014026551;"2021-12-25T23:59:59.999Z"
"2021-12-24T00:00:00.000Z";"2021-12-24T23:59:59.999Z";"2021-12-24T04:56:06.000Z";"2021-12-24T15:05:06.000Z";"2781";4.7630600434;4.8781487962;4.6278451821;4.7127589986;178577797.24;4712758998.57;"2021-12-24T23:59:59.999Z"
"2021-12-23T00:00:00.000Z";"2021-12-23T23:59:59.999Z";"2021-12-23T22:29:06.000Z";"2021-12-23T00:36:06.000Z";"2781";4.4388631501;4.8244791071;4.3390903826;4.757652031;172266793.34;4757652031.02;"2021-12-23T23:59:59.999Z"
"2021-12-22T00:00:00.000Z";"2021-12-22T23:59:59.999Z";"2021-12-22T18:05:06.000Z";"2021-12-22T00:00:06.000Z";"2781";4.1529538483;4.5803363019;4.1529538483;4.4372434786;140631438.91;4437243478.64;"2021-12-22T23:59:59.999Z"
"2021-12-21T00:00:00.000Z";"2021-12-21T23:59:59.999Z";"2021-12-21T23:00:06.000Z";"2021-12-21T01:23:06.000Z";"2781";3.9921842665;4.1765175822;3.9665410995;4.1533976431;91578448.9;4153397643.15;"2021-12-21T23:59:59.999Z"
"2021-12-20T00:00:00.000Z";"2021-12-20T23:59:59.999Z";"2021-12-20T01:14:06.000Z";"2021-12-20T14:14:06.000Z";"2781";4.1373918878;4.1448086068;3.8410087919;3.9919421177;125053671.71;3991942117.71;"2021-12-20T23:59:59.999Z"
"2021-12-19T00:00:00.000Z";"2021-12-19T23:59:59.999Z";"2021-12-19T17:54:06.000Z";"2021-12-19T10:16:06.000Z";"2781";4.0879682985;4.2185492942;4.0568424924;4.1324008288;98414500.04;4132400828.83;"2021-12-19T23:59:59.999Z"
"2021-12-18T00:00:00.000Z";"2021-12-18T23:59:59.999Z";"2021-12-18T10:47:06.000Z";"2021-12-18T02:06:06.000Z";"2781";4.0418622362;4.1784299363;3.9627782945;4.0851487284;85699310.09;4085148728.45;"2021-12-18T23:59:59.999Z"
"2021-12-17T00:00:00.000Z";"2021-12-17T23:59:59.999Z";"2021-12-17T00:54:06.000Z";"2021-12-17T14:45:06.000Z";"2781";4.2507129441;4.3488448947;3.9441003848;4.0456066959;139524950.47;4045606695.94;"2021-12-17T23:59:59.999Z"
"2021-12-16T00:00:00.000Z";"2021-12-16T23:59:59.999Z";"2021-12-16T11:45:06.000Z";"2021-12-16T23:44:06.000Z";"2781";4.3945345493;4.4752598121;4.2298302644;4.2529686728;122662679.07;4252968672.76;"2021-12-16T23:59:59.999Z"
"2021-12-15T00:00:00.000Z";"2021-12-15T23:59:59.999Z";"2021-12-15T23:56:06.000Z";"2021-12-15T15:59:06.000Z";"2781";4.0388087657;4.4087982532;3.8919811329;4.3957092757;204466077.87;4395709275.72;"2021-12-15T23:59:59.999Z"
"2021-12-14T00:00:00.000Z";"2021-12-14T23:59:59.999Z";"2021-12-14T23:46:06.000Z";"2021-12-14T06:30:06.000Z";"2781";3.9031048886;4.0423480107;3.8352356185;3.8509321662;175206072.63;3850932166.25;"2021-12-14T23:59:59.999Z"
"2021-12-13T00:00:00.000Z";"2021-12-13T23:59:59.999Z";"2021-12-13T00:16:07.000Z";"2021-12-13T19:43:06.000Z";"2781";4.4288737946;4.5129694133;3.8210023026;3.9060122143;180149392.69;3906012214.33;"2021-12-13T23:59:59.999Z"
"2021-12-12T00:00:00.000Z";"2021-12-12T23:59:59.999Z";"2021-12-12T21:21:07.000Z";"2021-12-12T10:14:06.000Z";"2781";4.4236532463;4.5136489177;4.2935764233;4.4286386733;95875849.72;4428638673.33;"2021-12-12T23:59:59.999Z"
"2021-12-11T00:00:00.000Z";"2021-12-11T23:59:59.999Z";"2021-12-11T16:32:06.000Z";"2021-12-11T00:19:06.000Z";"2781";4.2741725441;4.4633013497;4.1959845858;4.4232586867;136749126.41;4423258686.74;"2021-12-11T23:59:59.999Z"
"2021-12-10T00:00:00.000Z";"2021-12-10T23:59:59.999Z";"2021-12-10T14:12:06.000Z";"2021-12-10T23:56:06.000Z";"2781";4.4116643783;4.7007211669;4.2594873742;4.2735513197;207402771.97;4273551319.67;"2021-12-10T23:59:59.999Z"
"2021-12-09T00:00:00.000Z";"2021-12-09T23:59:59.999Z";"2021-12-09T00:14:06.000Z";"2021-12-09T20:46:06.000Z";"2781";4.9115768492;4.9851611958;4.3685327223;4.4061052754;197956142.92;4406105275.43;"2021-12-09T23:59:59.999Z"
"2021-12-08T00:00:00.000Z";"2021-12-08T23:59:59.999Z";"2021-12-08T19:26:06.000Z";"2021-12-08T11:42:06.000Z";"2781";4.6903762566;5.0672039568;4.496530304;4.916957232;254251570.41;4916957232.03;"2021-12-08T23:59:59.999Z"
"2021-12-07T00:00:00.000Z";"2021-12-07T23:59:59.999Z";"2021-12-07T08:57:05.000Z";"2021-12-07T23:02:05.000Z";"2781";4.8088895628;4.904488736;4.5954451568;4.7030357826;200296225.6;4703035782.6;"2021-12-07T23:59:59.999Z"
"2021-12-06T00:00:00.000Z";"2021-12-06T23:59:59.999Z";"2021-12-06T23:46:05.000Z";"2021-12-06T11:14:05.000Z";"2781";4.7431902508;4.8130698317;4.1673713702;4.8058653961;318843918.09;4805865396.15;"2021-12-06T23:59:59.999Z"
"2021-12-05T00:00:00.000Z";"2021-12-05T23:59:59.999Z";"2021-12-05T00:11:12.000Z";"2021-12-05T15:36:05.000Z";"2781";5.1312567423;5.2404219278;4.5423737755;4.7297318607;299261781.8;4729731860.74;"2021-12-05T23:59:59.999Z"
"2021-12-04T00:00:00.000Z";"2021-12-04T23:59:59.999Z";"2021-12-04T00:00:05.000Z";"2021-12-04T05:28:05.000Z";"2781";6.1709941245;6.1709941245;3.6900741688;5.1258432227;648212209.4;5125843222.72;"2021-12-04T23:59:59.999Z"
"2021-12-03T00:00:00.000Z";"2021-12-03T23:59:59.999Z";"2021-12-03T18:21:05.000Z";"2021-12-03T20:20:05.000Z";"2781";6.3755603608;6.6979136489;6.0047915468;6.1420039958;358961458.47;6142003995.79;"2021-12-03T23:59:59.999Z"
"2021-12-02T00:00:00.000Z";"2021-12-02T23:59:59.999Z";"2021-12-02T00:00:35.000Z";"2021-12-02T03:21:56.000Z";"2781";6.5317446727;6.5317446727;6.269403415;6.3648884028;163217305.78;6364888402.85;"2021-12-02T23:59:59.999Z"
"2021-12-01T00:00:00.000Z";"2021-12-01T23:59:59.999Z";"2021-12-01T15:04:29.000Z";"2021-12-01T21:41:32.000Z";"2781";6.6068630701;6.8207946215;6.4316240073;6.5269363973;199463633.7;6526936397.34;"2021-12-01T23:59:59.999Z"
"2021-11-30T00:00:00.000Z";"2021-11-30T23:59:59.999Z";"2021-11-30T15:35:27.000Z";"2021-11-30T06:19:10.000Z";"2781";6.6602031339;6.8211577617;6.3578657504;6.6158373072;252448116.58;6615837307.21;"2021-11-30T23:59:59.999Z"
"2021-11-29T00:00:00.000Z";"2021-11-29T23:59:59.999Z";"2021-11-29T23:00:52.000Z";"2021-11-29T16:23:06.000Z";"2781";6.6215398854;6.7381679391;6.4474777703;6.6618224365;195705103.91;6661822436.54;"2021-11-29T23:59:59.999Z"
"2021-11-28T00:00:00.000Z";"2021-11-28T23:59:59.999Z";"2021-11-28T23:51:06.000Z";"2021-11-28T18:43:06.000Z";"2781";6.558855456;6.6189452661;6.0547064979;6.6156686334;221460510.46;6615668633.45;"2021-11-28T23:59:59.999Z"
"2021-11-27T00:00:00.000Z";"2021-11-27T23:59:59.999Z";"2021-11-27T04:35:05.000Z";"2021-11-27T23:50:05.000Z";"2781";6.5327592931;6.8924924498;6.4749970715;6.5509178975;213415850.66;6550917897.47;"2021-11-27T23:59:59.999Z"
"2021-11-26T00:00:00.000Z";"2021-11-26T23:59:59.999Z";"2021-11-26T00:05:06.000Z";"2021-11-26T12:13:08.000Z";"2781";7.388116461;7.4674546645;6.30094066;6.50243725;459366683.64;6502437250.02;"2021-11-26T23:59:59.999Z"
"2021-11-25T00:00:00.000Z";"2021-11-25T23:59:59.999Z";"2021-11-25T16:05:06.000Z";"2021-11-25T00:10:06.000Z";"2781";6.6193407838;7.5712095001;6.5311109818;6.99393612;274706682.76;6993936120.03;"2021-11-25T23:59:59.999Z"
"2021-11-24T00:00:00.000Z";"2021-11-24T23:59:59.999Z";"2021-11-24T01:04:05.000Z";"2021-11-24T20:05:06.000Z";"2781";6.8724120687;6.9881067908;6.4677417136;6.6582145415;257505639.03;6658214541.47;"2021-11-24T23:59:59.999Z"
"2021-11-23T00:00:00.000Z";"2021-11-23T23:59:59.999Z";"2021-11-23T22:02:06.000Z";"2021-11-23T09:37:06.000Z";"2781";6.5138182041;6.9991558496;6.274226979;6.8602786155;237572815.12;6860278615.5;"2021-11-23T23:59:59.999Z"
"2021-11-22T00:00:00.000Z";"2021-11-22T23:59:59.999Z";"2021-11-22T00:26:05.000Z";"2021-11-22T21:03:05.000Z";"2781";7.1308840315;7.2787883259;6.405362522;6.5024177857;324471224.57;6502417785.67;"2021-11-22T23:59:59.999Z"
"2021-11-21T00:00:00.000Z";"2021-11-21T23:59:59.999Z";"2021-11-21T22:24:05.000Z";"2021-11-21T06:26:05.000Z";"2781";6.7097079057;7.207469145;6.6135316662;7.1023443834;289484381.84;7102344383.39;"2021-11-21T23:59:59.999Z"
"2021-11-20T00:00:00.000Z";"2021-11-20T23:59:59.999Z";"2021-11-20T23:38:06.000Z";"2021-11-20T05:15:06.000Z";"2781";6.3462846272;6.7284579848;6.2687676759;6.712401213;184485633.29;6712401212.98;"2021-11-20T23:59:59.999Z"
"2021-11-19T00:00:00.000Z";"2021-11-19T23:59:59.999Z";"2021-11-19T17:29:06.000Z";"2021-11-19T03:44:06.000Z";"2781";5.9726867408;6.398649678;5.8475592433;6.3492148361;210053164.12;6349214836.09;"2021-11-19T23:59:59.999Z"
"2021-11-18T00:00:00.000Z";"2021-11-18T23:59:59.999Z";"2021-11-18T01:33:06.000Z";"2021-11-18T17:13:06.000Z";"2781";6.5931288981;6.6464528993;5.8766532629;5.9770513397;310318669.01;5977051339.72;"2021-11-18T23:59:59.999Z"
"2021-11-17T00:00:00.000Z";"2021-11-17T23:59:59.999Z";"2021-11-17T15:53:06.000Z";"2021-11-17T02:04:06.000Z";"2781";6.2633353996;6.6115185329;6.171119998;6.5928498178;265330503.75;6592849817.83;"2021-11-17T23:59:59.999Z"
"2021-11-16T00:00:00.000Z";"2021-11-16T23:59:59.999Z";"2021-11-16T00:00:05.000Z";"2021-11-16T10:27:06.000Z";"2781";6.8074262897;6.8074262897;6.0050461709;6.2662610935;362666092.93;6266261093.55;"2021-11-16T23:59:59.999Z"
"2021-11-15T00:00:00.000Z";"2021-11-15T23:59:59.999Z";"2021-11-15T07:02:06.000Z";"2021-11-15T23:59:05.000Z";"2781";7.0500831367;7.1481278714;6.7895016299;6.7895016299;155983216.52;6789501629.88;"2021-11-15T23:59:59.999Z"
"2021-11-14T00:00:00.000Z";"2021-11-14T23:59:59.999Z";"2021-11-14T00:29:05.000Z";"2021-11-14T17:40:06.000Z";"2781";7.1927007114;7.2489595349;6.8742771756;7.0410455044;150787823.15;7041045504.36;"2021-11-14T23:59:59.999Z"
"2021-11-13T00:00:00.000Z";"2021-11-13T23:59:59.999Z";"2021-11-13T14:59:05.000Z";"2021-11-13T04:20:05.000Z";"2781";7.1798763465;7.308709472;7.0544375767;7.1960884542;165034853.49;7196088454.2;"2021-11-13T23:59:59.999Z"
"2021-11-12T00:00:00.000Z";"2021-11-12T23:59:59.999Z";"2021-11-12T00:55:05.000Z";"2021-11-12T16:43:05.000Z";"2781";7.3725902655;7.4432075949;6.8646171257;7.1809109846;288315903.55;7180910984.59;"2021-11-12T23:59:59.999Z"
"2021-11-11T00:00:00.000Z";"2021-11-11T23:59:59.999Z";"2021-11-11T09:49:05.000Z";"2021-11-11T02:55:06.000Z";"2781";7.3445396046;7.4559218075;7.1317935839;7.3866607727;307251654.72;7386660772.75;"2021-11-11T23:59:59.999Z"
"2021-11-10T00:00:00.000Z";"2021-11-10T23:59:59.999Z";"2021-11-10T16:01:05.000Z";"2021-11-10T21:25:06.000Z";"2781";7.913575309;8.2057214841;6.4903343153;7.3437896188;543529912;7343789618.8;"2021-11-10T23:59:59.999Z"
"2021-11-09T00:00:00.000Z";"2021-11-09T23:59:59.999Z";"2021-11-09T12:07:05.000Z";"2021-11-09T02:39:05.000Z";"2781";7.8735624933;8.4878571182;7.7292581626;7.9229971694;541309490.29;7922997169.39;"2021-11-09T23:59:59.999Z"
"2021-11-08T00:00:00.000Z";"2021-11-08T23:59:59.999Z";"2021-11-08T23:45:05.000Z";"2021-11-08T00:41:05.000Z";"2781";7.4563329035;7.8975208533;7.364326311;7.8609671688;269746834.84;7860967168.84;"2021-11-08T23:59:59.999Z"
"2021-11-07T00:00:00.000Z";"2021-11-07T23:59:59.999Z";"2021-11-07T01:25:05.000Z";"2021-11-07T09:12:05.000Z";"2781";7.4813082316;7.5198845974;7.3564470526;7.4473165049;156087699.28;7447316504.89;"2021-11-07T23:59:59.999Z"
"2021-11-06T00:00:00.000Z";"2021-11-06T23:59:59.999Z";"2021-11-06T05:39:05.000Z";"2021-11-06T11:06:05.000Z";"2781";7.5757213037;7.674211725;7.1620820614;7.4721764194;238170064.47;7472176419.43;"2021-11-06T23:59:59.999Z"
"2021-11-05T00:00:00.000Z";"2021-11-05T23:59:59.999Z";"2021-11-05T13:35:05.000Z";"2021-11-05T23:29:05.000Z";"2781";7.7242714839;8.1430492624;7.5396660496;7.5844154677;382919447.8;7584415467.69;"2021-11-05T23:59:59.999Z"
"2021-11-04T00:00:00.000Z";"2021-11-04T23:59:59.999Z";"2021-11-04T13:01:05.000Z";"2021-11-04T02:48:05.000Z";"2781";7.4112562444;7.7952557335;7.3145284991;7.7279053493;402463133.79;7727905349.27;"2021-11-04T23:59:59.999Z"
"2021-11-03T00:00:00.000Z";"2021-11-03T23:59:59.999Z";"2021-11-03T02:41:06.000Z";"2021-11-03T12:52:06.000Z";"2781";7.6179301202;7.6480950836;7.1085798663;7.4162110334;335245344.72;7416211033.38;"2021-11-03T23:59:59.999Z"
"2021-11-02T00:00:00.000Z";"2021-11-02T23:59:59.999Z";"2021-11-02T14:36:04.000Z";"2021-11-02T00:08:05.000Z";"2781";7.329252107;7.9251475261;7.2790493161;7.6140668183;357389951.74;7614066818.28;"2021-11-02T23:59:59.999Z"
"2021-11-01T00:00:00.000Z";"2021-11-01T23:59:59.999Z";"2021-11-01T14:31:05.000Z";"2021-11-01T04:04:05.000Z";"2781";7.1913583574;7.73371348;6.9474711875;7.3310129937;413709863.47;7331012993.71;"2021-11-01T23:59:59.999Z"
"2021-10-31T00:00:00.000Z";"2021-10-31T23:59:59.999Z";"2021-10-31T00:06:06.000Z";"2021-10-31T13:38:05.000Z";"2781";8.2084207175;8.5374786499;7.0135811752;7.1876470725;674404781.8;7187647072.53;"2021-10-31T23:59:59.999Z"
"2021-10-30T00:00:00.000Z";"2021-10-30T23:59:59.999Z";"2021-10-30T23:19:05.000Z";"2021-10-30T03:56:05.000Z";"2781";6.9758784127;8.5637363528;6.7863832912;8.1631212164;977043862.23;8163121216.38;"2021-10-30T23:59:59.999Z"
"2021-10-29T00:00:00.000Z";"2021-10-29T23:59:59.999Z";"2021-10-29T12:19:05.000Z";"2021-10-29T00:17:05.000Z";"2781";6.4591539333;7.1997949018;6.354909708;6.9737590338;406657179.03;6973759033.8;"2021-10-29T23:59:59.999Z"
"2021-10-28T00:00:00.000Z";"2021-10-28T23:59:59.999Z";"2021-10-28T17:23:05.000Z";"2021-10-28T01:01:06.000Z";"2781";6.1509471105;6.5193205726;6.0813957181;6.4292527071;295165933.33;6429252707.06;"2021-10-28T23:59:59.999Z"
"2021-10-27T00:00:00.000Z";"2021-10-27T23:59:59.999Z";"2021-10-27T03:17:05.000Z";"2021-10-27T08:10:05.000Z";"2781";7.0183659043;7.3899393579;5.7285651239;6.1530516336;578264669.88;6153051633.58;"2021-10-27T23:59:59.999Z"
"2021-10-26T00:00:00.000Z";"2021-10-26T23:59:59.999Z";"2021-10-26T17:49:05.000Z";"2021-10-26T00:12:05.000Z";"2781";6.7960039492;7.363717027;6.7598315575;7.0164452172;376861268.72;7016445217.2;"2021-10-26T23:59:59.999Z"
"2021-10-25T00:00:00.000Z";"2021-10-25T23:59:59.999Z";"2021-10-25T13:51:05.000Z";"2021-10-25T00:08:05.000Z";"2781";6.444981452;6.8871806462;6.404582138;6.7926452961;238728246.26;6792645296.1;"2021-10-25T23:59:59.999Z"
"2021-10-24T00:00:00.000Z";"2021-10-24T23:59:59.999Z";"2021-10-24T06:06:05.000Z";"2021-10-24T18:44:05.000Z";"2781";6.5405963308;6.841836621;6.3143912376;6.4513409058;257483399.57;6451340905.85;"2021-10-24T23:59:59.999Z"
"2021-10-23T00:00:00.000Z";"2021-10-23T23:59:59.999Z";"2021-10-23T00:03:05.000Z";"2021-10-23T11:03:05.000Z";"2781";6.6553862038;6.6952146571;6.3555551451;6.5378731484;190844199.32;6537873148.39;"2021-10-23T23:59:59.999Z"
"2021-10-22T00:00:00.000Z";"2021-10-22T23:59:59.999Z";"2021-10-22T21:18:05.000Z";"2021-10-22T00:18:05.000Z";"2781";5.9854270558;6.7786698165;5.9781658033;6.6552684112;498794902.63;6655268411.24;"2021-10-22T23:59:59.999Z"
"2021-10-21T00:00:00.000Z";"2021-10-21T23:59:59.999Z";"2021-10-21T01:31:05.000Z";"2021-10-21T17:59:05.000Z";"2781";6.2282707094;6.3147785124;5.9282524697;5.9834763291;252389851.81;5983476329.09;"2021-10-21T23:59:59.999Z"
"2021-10-20T00:00:00.000Z";"2021-10-20T23:59:59.999Z";"2021-10-20T23:51:05.000Z";"2021-10-20T06:35:05.000Z";"2781";5.9330098835;6.235583231;5.8449348256;6.2228486386;171241781.9;6222848638.61;"2021-10-20T23:59:59.999Z"
"2021-10-19T00:00:00.000Z";"2021-10-19T23:59:59.999Z";"2021-10-19T13:36:05.000Z";"2021-10-19T00:05:05.000Z";"2781";5.8493508247;6.0812028749;5.8127700619;5.9359291079;134454606.59;5935929107.89;"2021-10-19T23:59:59.999Z"
"2021-10-18T00:00:00.000Z";"2021-10-18T23:59:59.999Z";"2021-10-18T01:40:05.000Z";"2021-10-18T19:12:05.000Z";"2781";5.967067449;6.0422407656;5.7637713969;5.847577297;153755736.65;5847577296.98;"2021-10-18T23:59:59.999Z"
"2021-10-17T00:00:00.000Z";"2021-10-17T23:59:59.999Z";"2021-10-17T00:16:05.000Z";"2021-10-17T20:22:05.000Z";"2781";6.1396836609;6.1512480563;5.7210109895;5.9670722917;169131729.3;5967072291.73;"2021-10-17T23:59:59.999Z"
"2021-10-16T00:00:00.000Z";"2021-10-16T23:59:59.999Z";"2021-10-16T11:59:05.000Z";"2021-10-16T22:20:05.000Z";"2781";6.2668283337;6.3776380018;6.1114779321;6.139828489;175089219.22;6139828489;"2021-10-16T23:59:59.999Z"
"2021-10-15T00:00:00.000Z";"2021-10-15T23:59:59.999Z";"2021-10-15T15:26:05.000Z";"2021-10-15T01:20:05.000Z";"2781";6.0704431854;6.4266468908;5.9134685084;6.2647968441;317228489.84;6264796844.12;"2021-10-15T23:59:59.999Z"
"2021-10-14T00:00:00.000Z";"2021-10-14T23:59:59.999Z";"2021-10-14T11:37:05.000Z";"2021-10-14T20:43:05.000Z";"2781";6.0880620089;6.2551119147;5.9802019225;6.0635497053;180349625.11;6063549705.27;"2021-10-14T23:59:59.999Z"
"2021-10-13T00:00:00.000Z";"2021-10-13T23:59:59.999Z";"2021-10-13T21:40:05.000Z";"2021-10-13T06:01:05.000Z";"2781";5.9154991273;6.281686222;5.6167036228;6.1020104599;301329847.84;6102010459.9;"2021-10-13T23:59:59.999Z"
"2021-10-12T00:00:00.000Z";"2021-10-12T23:59:59.999Z";"2021-10-12T00:00:06.000Z";"2021-10-12T12:56:05.000Z";"2781";6.1727606587;6.1727606587;5.6284238786;5.9109481896;264645303.61;5910948189.65;"2021-10-12T23:59:59.999Z"
"2021-10-11T00:00:00.000Z";"2021-10-11T23:59:59.999Z";"2021-10-11T08:16:05.000Z";"2021-10-11T20:12:05.000Z";"2781";6.3349550071;6.5403847667;6.0127668888;6.1712982331;228197216.45;6171298233.08;"2021-10-11T23:59:59.999Z"
"2021-10-10T00:00:00.000Z";"2021-10-10T23:59:59.999Z";"2021-10-10T03:39:06.000Z";"2021-10-10T23:52:06.000Z";"2781";6.9396397228;6.9420794822;6.2926904357;6.3402228858;260297761.49;6340222885.81;"2021-10-10T23:59:59.999Z"
"2021-10-09T00:00:00.000Z";"2021-10-09T23:59:59.999Z";"2021-10-09T23:18:05.000Z";"2021-10-09T02:15:05.000Z";"2781";6.4550629944;6.9991257315;6.3754806194;6.9305791795;279309825.15;6930579179.47;"2021-10-09T23:59:59.999Z"
"2021-10-08T00:00:00.000Z";"2021-10-08T23:59:59.999Z";"2021-10-08T11:26:05.000Z";"2021-10-08T23:46:05.000Z";"2781";6.5127859166;6.8616023154;6.4012184125;6.4586040041;294089233.01;6458604004.11;"2021-10-08T23:59:59.999Z"
"2021-10-07T00:00:00.000Z";"2021-10-07T23:59:59.999Z";"2021-10-07T21:51:05.000Z";"2021-10-07T01:35:05.000Z";"2781";6.4194923017;6.5836051477;6.2002113516;6.5029266482;314653658.59;6502926648.21;"2021-10-07T23:59:59.999Z"
"2021-10-06T00:00:00.000Z";"2021-10-06T23:59:59.999Z";"2021-10-06T01:55:05.000Z";"2021-10-06T08:39:05.000Z";"2781";6.7304417163;6.9518929245;6.1780669493;6.4220858625;497303385.48;6422085862.54;"2021-10-06T23:59:59.999Z"
"2021-10-05T00:00:00.000Z";"2021-10-05T23:59:59.999Z";"2021-10-05T21:02:05.000Z";"2021-10-05T00:34:05.000Z";"2781";6.0142652521;6.8775467602;5.9828346919;6.7277137218;535180880.12;6727713721.82;"2021-10-05T23:59:59.999Z"
"2021-10-04T00:00:00.000Z";"2021-10-04T23:59:59.999Z";"2021-10-04T00:10:05.000Z";"2021-10-04T15:03:05.000Z";"2781";6.1144619811;6.1208806909;5.7271100456;6.0035095409;264553872.11;6003509540.87;"2021-10-04T23:59:59.999Z"
"2021-10-03T00:00:00.000Z";"2021-10-03T23:59:59.999Z";"2021-10-03T18:41:05.000Z";"2021-10-03T00:52:05.000Z";"2781";6.0582976421;6.2549148106;5.9187105334;6.1098077002;249237887.73;6109807700.16;"2021-10-03T23:59:59.999Z"
"2021-10-02T00:00:00.000Z";"2021-10-02T23:59:59.999Z";"2021-10-02T13:52:05.000Z";"2021-10-02T00:42:05.000Z";"2781";5.9806271978;6.2810236532;5.8848509113;6.0701214081;394112429.01;6070121408.11;"2021-10-02T23:59:59.999Z"
"2021-10-01T00:00:00.000Z";"2021-10-01T23:59:59.999Z";"2021-10-01T23:47:05.000Z";"2021-10-01T02:51:05.000Z";"2781";5.050939327;6.0601080209;4.9902575868;5.9992095861;423868908.28;5999209586.09;"2021-10-01T23:59:59.999Z"
"2021-09-30T00:00:00.000Z";"2021-09-30T23:59:59.999Z";"2021-09-30T12:46:05.000Z";"2021-09-30T00:07:05.000Z";"2781";4.8275790054;5.0868469437;4.802997815;5.0490122996;212399092.55;5049012299.6;"2021-09-30T23:59:59.999Z"
"2021-09-29T00:00:00.000Z";"2021-09-29T23:59:59.999Z";"2021-09-29T12:20:05.000Z";"2021-09-29T00:21:05.000Z";"2781";4.6993519177;4.9720990678;4.6630649084;4.8306285845;240286444.87;4830628584.52;"2021-09-29T23:59:59.999Z"
"2021-09-28T00:00:00.000Z";"2021-09-28T23:59:59.999Z";"2021-09-28T02:17:05.000Z";"2021-09-28T23:52:05.000Z";"2781";4.9260359654;5.0091644804;4.6700721138;4.6929458404;200638959.52;4692945840.38;"2021-09-28T23:59:59.999Z"
"2021-09-27T00:00:00.000Z";"2021-09-27T23:59:59.999Z";"2021-09-27T07:48:05.000Z";"2021-09-27T23:46:05.000Z";"2781";5.113339639;5.2930032216;4.9203694385;4.9335029371;220432752.36;4933502937.11;"2021-09-27T23:59:59.999Z"
"2021-09-26T00:00:00.000Z";"2021-09-26T23:59:59.999Z";"2021-09-26T14:00:05.000Z";"2021-09-26T08:23:05.000Z";"2781";5.1033832066;5.2453112261;4.7592438368;5.0991264272;319296700.68;5099126427.22;"2021-09-26T23:59:59.999Z"
"2021-09-25T00:00:00.000Z";"2021-09-25T23:59:59.999Z";"2021-09-25T00:27:05.000Z";"2021-09-25T08:35:05.000Z";"2781";5.1824423273;5.2813298685;5.0242375768;5.1020610045;206087454.51;5102061004.53;"2021-09-25T23:59:59.999Z"
"2021-09-24T00:00:00.000Z";"2021-09-24T23:59:59.999Z";"2021-09-24T00:06:05.000Z";"2021-09-24T11:19:05.000Z";"2781";5.7083406954;5.7673759698;4.9231709541;5.1805411372;344374591.47;5180541137.24;"2021-09-24T23:59:59.999Z"
"2021-09-23T00:00:00.000Z";"2021-09-23T23:59:59.999Z";"2021-09-23T19:33:05.000Z";"2021-09-23T11:53:05.000Z";"2781";5.5748094369;5.8458696805;5.4041805857;5.7075132349;285834007.08;5707513234.95;"2021-09-23T23:59:59.999Z"
"2021-09-22T00:00:00.000Z";"2021-09-22T23:59:59.999Z";"2021-09-22T20:52:19.000Z";"2021-09-22T00:51:32.000Z";"2781";5.0099567331;5.677782067;4.9460035324;5.5737253185;319950307.83;5573725318.48;"2021-09-22T23:59:59.999Z"
"2021-09-21T00:00:00.000Z";"2021-09-21T23:59:59.999Z";"2021-09-21T18:01:27.000Z";"2021-09-21T00:23:05.000Z";"2781";5.1546357005;5.6420723015;4.7586447812;5.017067588;526885565.6;5017067587.96;"2021-09-21T23:59:59.999Z"
"2021-09-20T00:00:00.000Z";"2021-09-20T23:59:59.999Z";"2021-09-20T00:00:05.000Z";"2021-09-20T12:40:05.000Z";"2781";6.0991675664;6.0991675664;4.9813567141;5.1111323691;507725161.35;5111132369.07;"2021-09-20T23:59:59.999Z"
"2021-09-19T00:00:00.000Z";"2021-09-19T23:59:59.999Z";"2021-09-19T00:05:05.000Z";"2021-09-19T22:47:05.000Z";"2781";6.3621753623;6.3688598842;5.9738308785;6.095565786;171421342.27;6095565786.05;"2021-09-19T23:59:59.999Z"
"2021-09-18T00:00:00.000Z";"2021-09-18T23:59:59.999Z";"2021-09-18T08:18:04.000Z";"2021-09-18T00:42:05.000Z";"2781";6.3102114029;6.5883117398;6.2252783881;6.3730814055;167087942.92;6373081405.49;"2021-09-18T23:59:59.999Z"
"2021-09-17T00:00:00.000Z";"2021-09-17T23:59:59.999Z";"2021-09-17T02:01:05.000Z";"2021-09-17T23:01:05.000Z";"2781";6.6594380129;6.7015883755;6.2235642731;6.3138445702;206850672.78;6313844570.24;"2021-09-17T23:59:59.999Z"
"2021-09-16T00:00:00.000Z";"2021-09-16T23:59:59.999Z";"2021-09-16T00:11:05.000Z";"2021-09-16T20:54:05.000Z";"2781";6.867756374;6.9021165615;6.462214155;6.661730332;239964101.54;6661730332.01;"2021-09-16T23:59:59.999Z"
"2021-09-15T00:00:00.000Z";"2021-09-15T23:59:59.999Z";"2021-09-15T08:15:05.000Z";"2021-09-15T00:00:05.000Z";"2781";6.4522534609;7.0924903897;6.4522534609;6.8649051008;433386091.16;6864905100.81;"2021-09-15T23:59:59.999Z"
"2021-09-14T00:00:00.000Z";"2021-09-14T23:59:59.999Z";"2021-09-14T23:25:05.000Z";"2021-09-14T02:34:05.000Z";"2781";6.1311704574;6.4799569171;6.0742601794;6.4449494478;244289580.69;6444949447.81;"2021-09-14T23:59:59.999Z"
"2021-09-13T00:00:00.000Z";"2021-09-13T23:59:59.999Z";"2021-09-13T00:18:05.000Z";"2021-09-13T14:21:05.000Z";"2781";6.59163014;6.64908537;5.7247760573;6.1299151288;339467013.27;6129915128.81;"2021-09-13T23:59:59.999Z"
"2021-09-12T00:00:00.000Z";"2021-09-12T23:59:59.999Z";"2021-09-12T18:13:05.000Z";"2021-09-12T01:25:05.000Z";"2781";6.45365798;6.81953987;6.26682907;6.59510586;323787352.38;6595105856.25;"2021-09-12T23:59:59.999Z"
"2021-09-11T00:00:00.000Z";"2021-09-11T23:59:59.999Z";"2021-09-11T14:36:05.000Z";"2021-09-11T03:44:05.000Z";"2781";6.45720284;6.69112869;6.32948518;6.45706541;276099098.49;6457065413.95;"2021-09-11T23:59:59.999Z"
"2021-09-10T00:00:00.000Z";"2021-09-10T23:59:59.999Z";"2021-09-10T01:18:05.000Z";"2021-09-10T23:01:05.000Z";"2781";6.98178888;7.31365013;6.31126284;6.45780179;452596813.35;6457801790.67;"2021-09-10T23:59:59.999Z"
"2021-09-09T00:00:00.000Z";"2021-09-09T23:59:59.999Z";"2021-09-09T17:47:05.000Z";"2021-09-09T00:55:05.000Z";"2781";6.62435862;7.40192899;6.55492604;6.97881904;632622805.39;6978819040.37;"2021-09-09T23:59:59.999Z"
"2021-09-08T00:00:00.000Z";"2021-09-08T23:59:59.999Z";"2021-09-08T02:30:05.000Z";"2021-09-08T08:24:05.000Z";"2781";6.98374944;7.17256696;6.16213909;6.7733343;840698244.13;6773334297.11;"2021-09-08T23:59:59.999Z"
"2021-09-07T00:00:00.000Z";"2021-09-07T23:59:59.999Z";"2021-09-07T05:40:05.000Z";"2021-09-07T15:10:05.000Z";"2781";9.21674249;9.74678869;5.97400096;6.97925411;1674538930.07;6979254109.75;"2021-09-07T23:59:59.999Z"
"2021-09-06T00:00:00.000Z";"2021-09-06T23:59:59.999Z";"2021-09-06T21:48:24.000Z";"2021-09-06T12:05:10.000Z";"2781";8.20021291;9.51191596;7.76760658;9.17966802;1045531757.83;9179668015.76;"2021-09-06T23:59:59.999Z"
"2021-09-05T00:00:00.000Z";"2021-09-05T23:59:59.999Z";"2021-09-05T23:16:05.000Z";"2021-09-05T00:17:05.000Z";"2781";7.52015538;8.26968465;7.41915505;8.22238097;517728191.85;8222380970.73;"2021-09-05T23:59:59.999Z"
"2021-09-04T00:00:00.000Z";"2021-09-04T23:59:59.999Z";"2021-09-04T08:24:05.000Z";"2021-09-04T00:13:05.000Z";"2781";7.2503936;7.71143819;7.20536576;7.51511994;360725101.75;7515119935.79;"2021-09-04T23:59:59.999Z"
"2021-09-03T00:00:00.000Z";"2021-09-03T23:59:59.999Z";"2021-09-03T16:25:05.000Z";"2021-09-03T01:32:05.000Z";"2781";7.0271298;7.35113422;6.90374093;7.24193961;303546220.95;7241939608.08;"2021-09-03T23:59:59.999Z"
"2021-09-02T00:00:00.000Z";"2021-09-02T23:59:59.999Z";"2021-09-02T00:19:02.000Z";"2021-09-02T18:31:05.000Z";"2781";7.11244708;7.23760002;6.910338;7.02641267;265301640.04;7026412671.23;"2021-09-02T23:59:59.999Z"
"2021-09-01T00:00:00.000Z";"2021-09-01T23:59:59.999Z";"2021-09-01T22:23:48.000Z";"2021-09-01T01:03:56.000Z";"2781";6.66491106;7.17704688;6.50893552;7.10755341;307285134.07;7107553405.86;"2021-09-01T23:59:59.999Z"
"2021-08-31T00:00:00.000Z";"2021-08-31T23:59:59.999Z";"2021-08-31T14:02:54.000Z";"2021-08-31T02:03:46.000Z";"2781";6.5861342;6.76880654;6.42428433;6.66647971;254106319.26;6666479708.65;"2021-08-31T23:59:59.999Z"
"2021-08-30T00:00:00.000Z";"2021-08-30T23:59:59.999Z";"2021-08-30T00:02:37.000Z";"2021-08-30T13:15:49.000Z";"2781";6.92275267;6.9382691;6.52362144;6.57142903;223763047.16;6571429034.14;"2021-08-30T23:59:59.999Z"
"2021-08-29T00:00:00.000Z";"2021-08-29T23:59:59.999Z";"2021-08-29T01:15:43.000Z";"2021-08-29T04:06:21.000Z";"2781";6.92245222;7.08381119;6.74372206;6.92941144;268312646.9;6929411439.17;"2021-08-29T23:59:59.999Z"
"2021-08-28T00:00:00.000Z";"2021-08-28T23:59:59.999Z";"2021-08-28T00:07:25.000Z";"2021-08-28T19:45:38.000Z";"2781";6.95447304;6.96741051;6.71709632;6.91247282;161717632.3;6912472824.88;"2021-08-28T23:59:59.999Z"
"2021-08-27T00:00:00.000Z";"2021-08-27T23:59:59.999Z";"2021-08-27T21:28:16.000Z";"2021-08-27T00:21:36.000Z";"2781";6.52897202;6.97906906;6.32021695;6.95298043;293808293.74;6952980427.27;"2021-08-27T23:59:59.999Z"
"2021-08-26T00:00:00.000Z";"2021-08-26T23:59:59.999Z";"2021-08-26T01:01:23.000Z";"2021-08-26T19:18:20.000Z";"2781";7.21252955;7.28292624;6.43414118;6.53672196;320129406.93;6536721955.01;"2021-08-26T23:59:59.999Z"
"2021-08-25T00:00:00.000Z";"2021-08-25T23:59:59.999Z";"2021-08-25T07:14:19.000Z";"2021-08-25T09:04:20.000Z";"2781";7.0690611;7.32373505;6.75455273;7.20001665;379953953.4;7200016647.59;"2021-08-25T23:59:59.999Z"
"2021-08-24T00:00:00.000Z";"2021-08-24T23:59:59.999Z";"2021-08-24T02:13:06.000Z";"2021-08-24T16:17:09.000Z";"2781";7.83817407;8.14003445;6.92469925;7.06320935;532663842.66;7063209347.87;"2021-08-24T23:59:59.999Z"
"2021-08-23T00:00:00.000Z";"2021-08-23T23:59:59.999Z";"2021-08-23T23:15:04.000Z";"2021-08-23T00:33:04.000Z";"2781";7.34762045;7.9271861;7.33253195;7.83994866;419493072.03;7839948663.74;"2021-08-23T23:59:59.999Z"
"2021-08-22T00:00:00.000Z";"2021-08-22T23:59:59.999Z";"2021-08-22T11:26:04.000Z";"2021-08-22T15:01:04.000Z";"2781";7.26928863;7.53788866;7.09362341;7.35146756;278216572.5;7351467559.4;"2021-08-22T23:59:59.999Z"
"2021-08-21T00:00:00.000Z";"2021-08-21T23:59:59.999Z";"2021-08-21T08:09:04.000Z";"2021-08-21T00:32:04.000Z";"2781";7.28168169;7.67992202;7.12558418;7.26360863;377147244.77;7263608626.34;"2021-08-21T23:59:59.999Z"
"2021-08-20T00:00:00.000Z";"2021-08-20T23:59:59.999Z";"2021-08-20T14:46:04.000Z";"2021-08-20T08:15:04.000Z";"2781";7.14874245;7.40125484;7.03095916;7.2777482;276985982.18;7277748195.11;"2021-08-20T23:59:59.999Z"
"2021-08-19T00:00:00.000Z";"2021-08-19T23:59:59.999Z";"2021-08-19T22:01:04.000Z";"2021-08-19T12:10:04.000Z";"2781";6.84705477;7.20247475;6.63337966;7.15281025;312543984.17;7152810250.34;"2021-08-19T23:59:59.999Z"
"2021-08-18T00:00:00.000Z";"2021-08-18T23:59:59.999Z";"2021-08-18T16:54:04.000Z";"2021-08-18T01:16:04.000Z";"2781";6.97356801;7.17051458;6.6215943;6.86365299;426670388.9;6863652986.05;"2021-08-18T23:59:59.999Z"
"2021-08-17T00:00:00.000Z";"2021-08-17T23:59:59.999Z";"2021-08-17T12:27:04.000Z";"2021-08-17T22:28:04.000Z";"2781";7.60602698;8.07427707;6.84486016;6.9716363;509109906.6;6971636299.47;"2021-08-17T23:59:59.999Z"
"2021-08-16T00:00:00.000Z";"2021-08-16T23:59:59.999Z";"2021-08-16T09:59:04.000Z";"2021-08-16T04:00:04.000Z";"2781";7.46507061;8.31885033;7.32010346;7.64227645;652124438.63;7642276454.25;"2021-08-16T23:59:59.999Z"
"2021-08-15T00:00:00.000Z";"2021-08-15T23:59:59.999Z";"2021-08-15T22:47:04.000Z";"2021-08-15T07:48:04.000Z";"2781";7.22039132;7.5640174;6.96822474;7.46884866;381668834.6;7468848657.3;"2021-08-15T23:59:59.999Z"
"2021-08-14T00:00:00.000Z";"2021-08-14T23:59:59.999Z";"2021-08-14T08:32:04.000Z";"2021-08-14T20:17:04.000Z";"2781";7.16077216;7.5877644;7.0269071;7.2242099;391030038.51;7224209901.39;"2021-08-14T23:59:59.999Z"
"2021-08-13T00:00:00.000Z";"2021-08-13T23:59:59.999Z";"2021-08-13T10:44:04.000Z";"2021-08-13T00:20:04.000Z";"2781";6.78042723;7.27009712;6.66708399;7.15717979;344099960.37;7157179793.39;"2021-08-13T23:59:59.999Z"
"2021-08-12T00:00:00.000Z";"2021-08-12T23:59:59.999Z";"2021-08-12T02:45:04.000Z";"2021-08-12T16:33:04.000Z";"2781";7.16022045;7.44749643;6.54726682;6.76095697;413203591.45;6760956969.89;"2021-08-12T23:59:59.999Z"
"2021-08-11T00:00:00.000Z";"2021-08-11T23:59:59.999Z";"2021-08-11T14:02:04.000Z";"2021-08-11T02:48:05.000Z";"2781";6.93999487;7.58484166;6.91885623;7.17094807;441220365.5;7170948073.98;"2021-08-11T23:59:59.999Z"
"2021-08-10T00:00:00.000Z";"2021-08-10T23:59:59.999Z";"2021-08-10T12:22:05.000Z";"2021-08-10T05:01:05.000Z";"2781";6.77200872;7.09454475;6.62321316;6.93586939;313640624.81;6935869388.14;"2021-08-10T23:59:59.999Z"
"2021-08-09T00:00:00.000Z";"2021-08-09T23:59:59.999Z";"2021-08-09T15:52:05.000Z";"2021-08-09T01:12:05.000Z";"2781";6.41076239;6.92981306;6.12544843;6.77964004;343902813.51;6779640036.19;"2021-08-09T23:59:59.999Z"
"2021-08-08T00:00:00.000Z";"2021-08-08T23:59:59.999Z";"2021-08-08T00:56:05.000Z";"2021-08-08T19:52:05.000Z";"2781";6.93889851;7.06277639;6.2736614;6.41106349;334565607.29;6411063487.72;"2021-08-08T23:59:59.999Z"
"2021-08-07T00:00:00.000Z";"2021-08-07T23:59:59.999Z";"2021-08-07T09:45:05.000Z";"2021-08-07T18:04:05.000Z";"2781";6.88663721;7.17908474;6.72589303;6.93583429;420993885.29;6935834288.66;"2021-08-07T23:59:59.999Z"
"2021-08-06T00:00:00.000Z";"2021-08-06T23:59:59.999Z";"2021-08-06T08:37:05.000Z";"2021-08-06T23:14:05.000Z";"2781";7.17774086;7.28060468;6.85685257;6.87369762;487260366.77;6873697616.26;"2021-08-06T23:59:59.999Z"
"2021-08-05T00:00:00.000Z";"2021-08-05T23:59:59.999Z";"2021-08-05T23:58:05.000Z";"2021-08-05T01:07:09.000Z";"2781";6.06967594;7.0922838;5.9670631;7.08761075;591007996.53;7087610747.2;"2021-08-05T23:59:59.999Z"
"2021-08-04T00:00:00.000Z";"2021-08-04T23:59:59.999Z";"2021-08-04T15:57:32.000Z";"2021-08-04T00:31:13.000Z";"2781";5.91557459;6.18216737;5.78470684;6.06962222;254935122.07;6069622216.24;"2021-08-04T23:59:59.999Z"
"2021-08-03T00:00:00.000Z";"2021-08-03T23:59:59.999Z";"2021-08-03T23:52:26.000Z";"2021-08-03T12:06:14.000Z";"2781";5.83042774;5.94218365;5.56259661;5.89776074;244556042.22;5897760739.18;"2021-08-03T23:59:59.999Z"
"2021-08-02T00:00:00.000Z";"2021-08-02T23:59:59.999Z";"2021-08-02T07:09:17.000Z";"2021-08-02T01:02:08.000Z";"2781";5.75763222;5.96778427;5.65053511;5.82961492;233867763.73;5829614922.79;"2021-08-02T23:59:59.999Z"
"2021-08-01T00:00:00.000Z";"2021-08-01T23:59:59.999Z";"2021-08-01T04:22:07.000Z";"2021-08-01T23:29:07.000Z";"2781";6.0990039;6.28825917;5.70521356;5.76623392;310595302.94;5766233923.86;"2021-08-01T23:59:59.999Z"
"2021-07-31T00:00:00.000Z";"2021-07-31T23:59:59.999Z";"2021-07-31T16:25:06.000Z";"2021-07-31T05:32:12.000Z";"2781";5.97892667;6.26888077;5.79996637;6.10661607;323247123.16;6106616066.44;"2021-07-31T23:59:59.999Z"
"2021-07-30T00:00:00.000Z";"2021-07-30T23:59:59.999Z";"2021-07-30T02:48:05.000Z";"2021-07-30T12:02:05.000Z";"2781";6.03760808;6.10351119;5.67354932;5.98939462;293155136.88;5989394619.64;"2021-07-30T23:59:59.999Z"
"2021-07-29T00:00:00.000Z";"2021-07-29T23:59:59.999Z";"2021-07-29T22:07:05.000Z";"2021-07-29T01:25:05.000Z";"2781";5.7997928;6.10530439;5.65309646;6.03305581;325285265.06;6033055811.72;"2021-07-29T23:59:59.999Z"
"2021-07-28T00:00:00.000Z";"2021-07-28T23:59:59.999Z";"2021-07-28T05:10:05.000Z";"2021-07-28T17:57:05.000Z";"2781";5.98156674;6.18303969;5.62359361;5.79851763;401278183.88;5798517628.52;"2021-07-28T23:59:59.999Z"
"2021-07-27T00:00:00.000Z";"2021-07-27T23:59:59.999Z";"2021-07-27T21:46:05.000Z";"2021-07-27T02:45:05.000Z";"2781";5.64644884;6.09685192;5.29618207;5.97370435;516788730.91;5973704349.65;"2021-07-27T23:59:59.999Z"
"2021-07-26T00:00:00.000Z";"2021-07-26T23:59:59.999Z";"2021-07-26T01:03:05.000Z";"2021-07-26T21:40:05.000Z";"2781";6.13120726;6.72189991;5.56428737;5.64407218;690302801.97;5644072179.69;"2021-07-26T23:59:59.999Z"
"2021-07-25T00:00:00.000Z";"2021-07-25T23:59:59.999Z";"2021-07-25T13:19:05.000Z";"2021-07-25T00:49:05.000Z";"2781";5.61438565;6.55999543;5.48614895;6.13017811;867626092.32;6130178108.63;"2021-07-25T23:59:59.999Z"
"2021-07-24T00:00:00.000Z";"2021-07-24T23:59:59.999Z";"2021-07-24T18:36:09.000Z";"2021-07-24T00:11:05.000Z";"2781";5.00788239;5.75486245;4.89197605;5.60951461;561432160.5;5609514613.76;"2021-07-24T23:59:59.999Z"
"2021-07-23T00:00:00.000Z";"2021-07-23T23:59:59.999Z";"2021-07-23T23:54:05.000Z";"2021-07-23T17:35:08.000Z";"2781";4.84749823;5.04623347;4.51453682;5.0116305;311672930.97;5011630496.06;"2021-07-23T23:59:59.999Z"
"2021-07-22T00:00:00.000Z";"2021-07-22T23:59:59.999Z";"2021-07-22T23:20:08.000Z";"2021-07-22T03:00:08.000Z";"2781";4.40366779;4.94527934;4.23121317;4.8375925;334618989.29;4837592496.86;"2021-07-22T23:59:59.999Z"
"2021-07-21T00:00:00.000Z";"2021-07-21T23:59:59.999Z";"2021-07-21T16:41:05.000Z";"2021-07-21T01:17:05.000Z";"2781";3.65553212;4.5956915;3.5525164;4.36696671;346466510.32;4366966708.49;"2021-07-21T23:59:59.999Z"
"2021-07-20T00:00:00.000Z";"2021-07-20T23:59:59.999Z";"2021-07-20T00:35:05.000Z";"2021-07-20T10:01:05.000Z";"2781";4.07063835;4.17386558;3.50815183;3.6663509;274046202.48;3666350895.35;"2021-07-20T23:59:59.999Z"
"2021-07-19T00:00:00.000Z";"2021-07-19T23:59:59.999Z";"2021-07-19T00:07:05.000Z";"2021-07-19T13:42:06.000Z";"2781";4.43628819;4.46611221;3.97604965;4.05299575;188684755.07;4052995751.72;"2021-07-19T23:59:59.999Z"
"2021-07-18T00:00:00.000Z";"2021-07-18T23:59:59.999Z";"2021-07-18T01:35:05.000Z";"2021-07-18T14:42:05.000Z";"2781";4.4359147;4.6276954;4.35553696;4.44414997;184731710.35;4444149973.44;"2021-07-18T23:59:59.999Z"
"2021-07-17T00:00:00.000Z";"2021-07-17T23:59:59.999Z";"2021-07-17T01:00:05.000Z";"2021-07-17T15:08:06.000Z";"2781";4.41422801;4.6370447;4.32637101;4.4329445;198842539.66;4432944500.6;"2021-07-17T23:59:59.999Z"
"2021-07-16T00:00:00.000Z";"2021-07-16T23:59:59.999Z";"2021-07-16T04:43:05.000Z";"2021-07-16T12:00:08.000Z";"2781";4.86792875;4.96515458;4.38956441;4.42521821;230909782.15;4425218205.7;"2021-07-16T23:59:59.999Z"
"2021-07-15T00:00:00.000Z";"2021-07-15T23:59:59.999Z";"2021-07-15T01:21:07.000Z";"2021-07-15T17:54:05.000Z";"2781";5.1675855;5.22462359;4.74260834;4.85530757;196623693.32;4855307568;"2021-07-15T23:59:59.999Z"
"2021-07-14T00:00:00.000Z";"2021-07-14T23:59:59.999Z";"2021-07-14T00:13:15.000Z";"2021-07-14T06:14:06.000Z";"2781";5.28462152;5.29180541;4.72509982;5.16115143;252307545.77;5161151425.76;"2021-07-14T23:59:59.999Z"
"2021-07-13T00:00:00.000Z";"2021-07-13T23:59:59.999Z";"2021-07-13T03:19:06.000Z";"2021-07-13T20:04:07.000Z";"2781";5.56553882;5.580695;5.21682736;5.28223327;180061601.52;5282233272.61;"2021-07-13T23:59:59.999Z"
"2021-07-12T00:00:00.000Z";"2021-07-12T23:59:59.999Z";"2021-07-12T00:39:05.000Z";"2021-07-12T19:35:06.000Z";"2781";5.93561367;5.99122359;5.44983018;5.57555624;185853857.88;5575556243.66;"2021-07-12T23:59:59.999Z"
"2021-07-11T00:00:00.000Z";"2021-07-11T23:59:59.999Z";"2021-07-11T15:16:05.000Z";"2021-07-11T04:47:05.000Z";"2781";5.90031249;6.00175021;5.75185434;5.93000932;131328680.03;5930009317.39;"2021-07-11T23:59:59.999Z"
"2021-07-10T00:00:00.000Z";"2021-07-10T23:59:59.999Z";"2021-07-10T00:43:05.000Z";"2021-07-10T20:13:05.000Z";"2781";6.06634398;6.19208114;5.80873581;5.90270047;146000119.04;5902700474.79;"2021-07-10T23:59:59.999Z"
"2021-07-09T00:00:00.000Z";"2021-07-09T23:59:59.999Z";"2021-07-09T22:38:05.000Z";"2021-07-09T01:16:19.000Z";"2781";6.13394916;6.19373731;5.74843886;6.06279598;236341190.98;6062795979.73;"2021-07-09T23:59:59.999Z"
"2021-07-08T00:00:00.000Z";"2021-07-08T23:59:59.999Z";"2021-07-08T07:27:08.000Z";"2021-07-08T22:30:36.000Z";"2781";6.37400405;6.79361712;6.01547012;6.14871953;558253340.62;6148719531.46;"2021-07-08T23:59:59.999Z"
"2021-07-07T00:00:00.000Z";"2021-07-07T23:59:59.999Z";"2021-07-07T21:12:06.000Z";"2021-07-07T00:34:06.000Z";"2781";6.12808268;6.65012433;6.04744442;6.36952788;262431242.31;6369527875.75;"2021-07-07T23:59:59.999Z"
"2021-07-06T00:00:00.000Z";"2021-07-06T23:59:59.999Z";"2021-07-06T05:28:06.000Z";"2021-07-06T00:00:06.000Z";"2781";5.94436495;6.26616745;5.94436495;6.12966833;170902276.26;6129668327.41;"2021-07-06T23:59:59.999Z"
"2021-07-05T00:00:00.000Z";"2021-07-05T23:59:59.999Z";"2021-07-05T00:41:06.000Z";"2021-07-05T17:44:06.000Z";"2781";6.34590076;6.43357262;5.87389978;5.94546795;179856634.51;5945467954.84;"2021-07-05T23:59:59.999Z"
"2021-07-04T00:00:00.000Z";"2021-07-04T23:59:59.999Z";"2021-07-04T22:08:06.000Z";"2021-07-04T02:02:06.000Z";"2781";6.27163183;6.55244827;6.04275612;6.3501544;152483848.66;6350154401.21;"2021-07-04T23:59:59.999Z"
"2021-07-03T00:00:00.000Z";"2021-07-03T23:59:59.999Z";"2021-07-03T17:59:06.000Z";"2021-07-03T03:48:06.000Z";"2781";6.24435774;6.35171578;6.03601074;6.27197521;123625475.49;6271975214.53;"2021-07-03T23:59:59.999Z"
"2021-07-02T00:00:00.000Z";"2021-07-02T23:59:59.999Z";"2021-07-02T01:00:05.000Z";"2021-07-02T10:18:06.000Z";"2781";6.30877242;6.39422931;5.76607723;6.25363851;227240173.37;6253638509.78;"2021-07-02T23:59:59.999Z"
"2021-07-01T00:00:00.000Z";"2021-07-01T23:59:59.999Z";"2021-07-01T00:00:07.000Z";"2021-07-01T19:45:04.000Z";"2781";6.9125309;6.9125309;6.14877615;6.3256946;222020001.22;6325694603.71;"2021-07-01T23:59:59.999Z"
"2021-06-30T00:00:00.000Z";"2021-06-30T23:59:59.999Z";"2021-06-30T00:40:05.000Z";"2021-06-30T15:36:05.000Z";"2781";7.113879;7.25825005;6.43844551;6.91377783;263856308.12;6913777829.11;"2021-06-30T23:59:59.999Z"
"2021-06-29T00:00:00.000Z";"2021-06-29T23:59:59.999Z";"2021-06-29T13:38:05.000Z";"2021-06-29T00:02:05.000Z";"2781";6.9253255;7.39691881;6.89198658;7.07603811;248558588.14;7076038107.61;"2021-06-29T23:59:59.999Z"
"2021-06-28T00:00:00.000Z";"2021-06-28T23:59:59.999Z";"2021-06-28T19:33:05.000Z";"2021-06-28T02:13:05.000Z";"2781";6.91626255;7.1292199;6.71987495;6.90436575;224020348.22;6904365751.36;"2021-06-28T23:59:59.999Z"
"2021-06-27T00:00:00.000Z";"2021-06-27T23:59:59.999Z";"2021-06-27T23:54:05.000Z";"2021-06-27T10:58:05.000Z";"2781";6.56798916;6.91900359;6.35785625;6.89273652;227785045.64;6892736520;"2021-06-27T23:59:59.999Z"
"2021-06-26T00:00:00.000Z";"2021-06-26T23:59:59.999Z";"2021-06-26T00:35:05.000Z";"2021-06-26T08:27:05.000Z";"2781";6.68896844;6.92285425;6.12577667;6.57765857;292916356.79;6577658568.54;"2021-06-26T23:59:59.999Z"
"2021-06-25T00:00:00.000Z";"2021-06-25T23:59:59.999Z";"2021-06-25T00:30:05.000Z";"2021-06-25T18:03:05.000Z";"2781";7.30406112;7.42763758;6.37652858;6.70321239;336653646.6;6703212385.91;"2021-06-25T23:59:59.999Z"
"2021-06-24T00:00:00.000Z";"2021-06-24T23:59:59.999Z";"2021-06-24T23:33:05.000Z";"2021-06-24T02:28:06.000Z";"2781";6.91796644;7.33367706;6.62670536;7.28641558;309488914.46;7286415580.86;"2021-06-24T23:59:59.999Z"
"2021-06-23T00:00:00.000Z";"2021-06-23T23:59:59.999Z";"2021-06-23T13:23:05.000Z";"2021-06-23T00:19:05.000Z";"2781";6.44930537;7.51115496;6.09078075;6.97668611;485609253.61;6976686113.86;"2021-06-23T23:59:59.999Z"
"2021-06-22T00:00:00.000Z";"2021-06-22T23:59:59.999Z";"2021-06-22T03:44:06.000Z";"2021-06-22T13:54:05.000Z";"2781";6.51387893;7.28017958;5.27468623;6.44651076;636821624.77;6446510761.75;"2021-06-22T23:59:59.999Z"
"2021-06-21T00:00:00.000Z";"2021-06-21T23:59:59.999Z";"2021-06-21T00:03:05.000Z";"2021-06-21T23:00:05.000Z";"2781";8.70190439;8.78740806;6.49910123;6.51926308;398348531.8;6519263080.19;"2021-06-21T23:59:59.999Z"
"2021-06-20T00:00:00.000Z";"2021-06-20T23:59:59.999Z";"2021-06-20T00:04:05.000Z";"2021-06-20T12:22:05.000Z";"2781";8.84361449;8.89203471;8.07499793;8.71517215;242082713.73;8715172150.68;"2021-06-20T23:59:59.999Z"
"2021-06-19T00:00:00.000Z";"2021-06-19T23:59:59.999Z";"2021-06-19T01:12:06.000Z";"2021-06-19T04:17:05.000Z";"2781";9.01032898;9.20924431;8.67681489;8.93222684;217527601.67;8932226835.24;"2021-06-19T23:59:59.999Z"
"2021-06-18T00:00:00.000Z";"2021-06-18T23:59:59.999Z";"2021-06-18T04:36:05.000Z";"2021-06-18T18:59:05.000Z";"2781";9.51780671;10.09566535;8.53300706;8.97329525;512476858.72;8973295247.56;"2021-06-18T23:59:59.999Z"
"2021-06-17T00:00:00.000Z";"2021-06-17T23:59:59.999Z";"2021-06-17T07:26:06.000Z";"2021-06-17T00:03:06.000Z";"2781";8.96472383;9.6291411;8.93341599;9.5027864;395710062.34;9502786401.47;"2021-06-17T23:59:59.999Z"
"2021-06-16T00:00:00.000Z";"2021-06-16T23:59:59.999Z";"2021-06-16T07:39:05.000Z";"2021-06-16T12:20:05.000Z";"2781";8.91564267;9.09942861;8.5802617;8.95177308;213157285.94;8951773082.54;"2021-06-16T23:59:59.999Z"
"2021-06-15T00:00:00.000Z";"2021-06-15T23:59:59.999Z";"2021-06-15T05:12:05.000Z";"2021-06-15T20:06:05.000Z";"2781";9.06197374;9.3003281;8.81984833;9.12611687;291025296.99;9126116869.26;"2021-06-15T23:59:59.999Z"